,Quantity,EmployeeId,HireDate,OrderDate,MonthsInJob,YrsInJob
0,45.0,1.0,2004-05-01,2012-08-20,100.0,8.0
1,36.0,1.0,2004-05-01,2012-08-20,100.0,8.0
2,40.0,1.0,2004-05-01,2012-08-20,100.0,8.0
3,50.0,1.0,2004-05-01,2014-04-01,119.0,10.0
4,20.0,1.0,2004-05-01,2014-04-01,119.0,10.0
5,90.0,1.0,2004-05-01,2014-04-01,119.0,10.0
6,54.0,1.0,2004-05-01,2012-11-22,103.0,9.0
7,55.0,1.0,2004-05-01,2012-11-22,103.0,9.0
8,40.0,1.0,2004-05-01,2013-12-22,116.0,10.0
9,50.0,1.0,2004-05-01,2013-12-22,116.0,10.0
10,24.0,1.0,2004-05-01,2014-05-06,120.0,10.0
11,2.0,1.0,2004-05-01,2014-05-06,120.0,10.0
12,4.0,1.0,2004-05-01,2014-05-06,120.0,10.0
13,4.0,1.0,2004-05-01,2014-05-06,120.0,10.0
14,1.0,1.0,2004-05-01,2014-05-06,120.0,10.0
15,1.0,1.0,2004-05-01,2014-05-06,120.0,10.0
16,2.0,1.0,2004-05-01,2014-05-06,120.0,10.0
17,1.0,1.0,2004-05-01,2014-05-06,120.0,10.0
18,2.0,1.0,2004-05-01,2014-05-06,120.0,10.0
19,2.0,1.0,2004-05-01,2014-05-06,120.0,10.0
20,1.0,1.0,2004-05-01,2014-05-06,120.0,10.0
21,2.0,1.0,2004-05-01,2014-05-06,120.0,10.0
22,1.0,1.0,2004-05-01,2014-05-06,120.0,10.0
23,2.0,1.0,2004-05-01,2014-05-06,120.0,10.0
24,2.0,1.0,2004-05-01,2014-05-06,120.0,10.0
25,2.0,1.0,2004-05-01,2014-05-06,120.0,10.0
26,2.0,1.0,2004-05-01,2014-05-06,120.0,10.0
27,2.0,1.0,2004-05-01,2014-05-06,120.0,10.0
28,1.0,1.0,2004-05-01,2014-05-06,120.0,10.0
29,1.0,1.0,2004-05-01,2014-05-06,120.0,10.0
30,1.0,1.0,2004-05-01,2014-05-06,120.0,10.0
31,4.0,1.0,2004-05-01,2014-05-06,120.0,10.0
32,3.0,1.0,2004-05-01,2014-05-06,120.0,10.0
33,3.0,1.0,2004-05-01,2014-05-06,120.0,10.0
34,2.0,1.0,2004-05-01,2014-05-06,120.0,10.0
35,20.0,1.0,2004-05-01,2013-01-01,104.0,9.0
36,60.0,1.0,2004-05-01,2013-01-01,104.0,9.0
37,70.0,1.0,2004-05-01,2013-01-01,104.0,9.0
38,18.0,1.0,2004-05-01,2013-01-01,104.0,9.0
39,50.0,1.0,2004-05-01,2013-07-14,110.0,9.0
40,9.0,1.0,2004-05-01,2013-07-14,110.0,9.0
41,25.0,1.0,2004-05-01,2012-09-25,101.0,8.0
42,40.0,1.0,2004-05-01,2012-09-25,101.0,8.0
43,30.0,1.0,2004-05-01,2012-09-25,101.0,8.0
44,70.0,1.0,2004-05-01,2012-09-27,101.0,8.0
45,10.0,1.0,2004-05-01,2012-09-27,101.0,8.0
46,10.0,1.0,2004-05-01,2013-09-11,112.0,9.0
47,1.0,1.0,2004-05-01,2013-09-11,112.0,9.0
48,20.0,1.0,2004-05-01,2013-09-11,112.0,9.0
49,8.0,1.0,2004-05-01,2013-09-15,112.0,9.0
50,15.0,1.0,2004-05-01,2013-09-15,112.0,9.0
51,4.0,1.0,2004-05-01,2013-09-15,112.0,9.0
52,4.0,1.0,2004-05-01,2014-04-02,119.0,10.0
53,20.0,1.0,2004-05-01,2014-04-02,119.0,10.0
54,9.0,1.0,2004-05-01,2013-11-19,115.0,10.0
55,40.0,1.0,2004-05-01,2013-11-19,115.0,10.0
56,28.0,1.0,2004-05-01,2013-11-19,115.0,10.0
57,6.0,1.0,2004-05-01,2013-11-19,115.0,10.0
58,6.0,1.0,2004-05-01,2012-12-03,103.0,9.0
59,25.0,1.0,2004-05-01,2012-08-01,99.0,8.0
60,30.0,1.0,2004-05-01,2012-08-01,99.0,8.0
61,10.0,1.0,2004-05-01,2012-08-29,100.0,8.0
62,6.0,1.0,2004-05-01,2012-08-29,100.0,8.0
63,5.0,1.0,2004-05-01,2012-08-29,100.0,8.0
64,12.0,1.0,2004-05-01,2012-08-29,100.0,8.0
65,20.0,1.0,2004-05-01,2014-05-04,120.0,10.0
66,5.0,1.0,2004-05-01,2014-01-20,117.0,10.0
67,12.0,1.0,2004-05-01,2014-01-20,117.0,10.0
68,20.0,1.0,2004-05-01,2014-01-20,117.0,10.0
69,15.0,1.0,2004-05-01,2014-01-20,117.0,10.0
70,30.0,1.0,2004-05-01,2012-09-12,100.0,8.0
71,10.0,1.0,2004-05-01,2012-09-12,100.0,8.0
72,2.0,1.0,2004-05-01,2012-09-12,100.0,8.0
73,70.0,1.0,2004-05-01,2013-08-01,111.0,9.0
74,15.0,1.0,2004-05-01,2013-08-01,111.0,9.0
75,20.0,1.0,2004-05-01,2013-08-01,111.0,9.0
76,30.0,1.0,2004-05-01,2013-07-21,111.0,9.0
77,20.0,1.0,2004-05-01,2013-07-21,111.0,9.0
78,70.0,1.0,2004-05-01,2013-07-21,111.0,9.0
79,15.0,1.0,2004-05-01,2013-07-21,111.0,9.0
80,42.0,1.0,2004-05-01,2012-12-09,103.0,9.0
81,7.0,1.0,2004-05-01,2012-09-20,101.0,8.0
82,6.0,1.0,2004-05-01,2012-09-20,101.0,8.0
83,10.0,1.0,2004-05-01,2013-12-23,116.0,10.0
84,15.0,1.0,2004-05-01,2013-12-23,116.0,10.0
85,3.0,1.0,2004-05-01,2013-12-23,116.0,10.0
86,30.0,1.0,2004-05-01,2012-12-05,103.0,9.0
87,15.0,1.0,2004-05-01,2012-12-05,103.0,9.0
88,60.0,1.0,2004-05-01,2013-06-12,109.0,9.0
89,40.0,1.0,2004-05-01,2013-06-12,109.0,9.0
90,3.0,1.0,2004-05-01,2013-06-12,109.0,9.0
91,35.0,1.0,2004-05-01,2013-10-01,113.0,9.0
92,60.0,1.0,2004-05-01,2013-05-01,108.0,9.0
93,15.0,1.0,2004-05-01,2013-05-01,108.0,9.0
94,2.0,1.0,2004-05-01,2013-05-01,108.0,9.0
95,10.0,1.0,2004-05-01,2013-05-01,108.0,9.0
96,20.0,1.0,2004-05-01,2013-08-11,111.0,9.0
97,20.0,1.0,2004-05-01,2013-08-11,111.0,9.0
98,12.0,1.0,2004-05-01,2013-08-11,111.0,9.0
99,25.0,1.0,2004-05-01,2013-11-07,114.0,10.0
100,16.0,1.0,2004-05-01,2013-11-07,114.0,10.0
101,20.0,1.0,2004-05-01,2013-11-07,114.0,10.0
102,25.0,1.0,2004-05-01,2012-12-25,104.0,9.0
103,7.0,1.0,2004-05-01,2012-12-25,104.0,9.0
104,70.0,1.0,2004-05-01,2012-12-25,104.0,9.0
105,32.0,1.0,2004-05-01,2012-12-25,104.0,9.0
106,42.0,1.0,2004-05-01,2012-12-25,104.0,9.0
107,20.0,1.0,2004-05-01,2014-03-30,119.0,10.0
108,55.0,1.0,2004-05-01,2014-03-30,119.0,10.0
109,40.0,1.0,2004-05-01,2014-03-30,119.0,10.0
110,120.0,1.0,2004-05-01,2014-02-18,118.0,10.0
111,50.0,1.0,2004-05-01,2014-02-18,118.0,10.0
112,28.0,1.0,2004-05-01,2014-02-18,118.0,10.0
113,80.0,1.0,2004-05-01,2013-07-28,111.0,9.0
114,18.0,1.0,2004-05-01,2013-07-28,111.0,9.0
115,40.0,1.0,2004-05-01,2013-07-28,111.0,9.0
116,70.0,1.0,2004-05-01,2013-07-28,111.0,9.0
117,55.0,1.0,2004-05-01,2013-07-28,111.0,9.0
118,30.0,1.0,2004-05-01,2013-10-22,114.0,9.0
119,18.0,1.0,2004-05-01,2013-10-22,114.0,9.0
120,110.0,1.0,2004-05-01,2013-10-22,114.0,9.0
121,24.0,1.0,2004-05-01,2013-10-22,114.0,9.0
122,55.0,1.0,2004-05-01,2014-05-01,120.0,10.0
123,77.0,1.0,2004-05-01,2014-05-01,120.0,10.0
124,25.0,1.0,2004-05-01,2014-05-01,120.0,10.0
125,4.0,1.0,2004-05-01,2014-05-01,120.0,10.0
126,12.0,1.0,2004-05-01,2014-05-01,120.0,10.0
127,24.0,1.0,2004-05-01,2014-04-21,120.0,10.0
128,60.0,1.0,2004-05-01,2014-04-21,120.0,10.0
129,28.0,1.0,2004-05-01,2014-04-21,120.0,10.0
130,20.0,1.0,2004-05-01,2014-04-21,120.0,10.0
131,50.0,1.0,2004-05-01,2013-01-06,104.0,9.0
132,5.0,1.0,2004-05-01,2013-03-26,107.0,9.0
133,25.0,1.0,2004-05-01,2013-03-26,107.0,9.0
134,16.0,1.0,2004-05-01,2013-03-26,107.0,9.0
135,20.0,1.0,2004-05-01,2014-03-25,119.0,10.0
136,20.0,1.0,2004-05-01,2012-12-09,103.0,9.0
137,20.0,1.0,2004-05-01,2012-12-09,103.0,9.0
138,50.0,1.0,2004-05-01,2013-12-26,116.0,10.0
139,7.0,1.0,2004-05-01,2013-12-26,116.0,10.0
140,10.0,1.0,2004-05-01,2013-12-26,116.0,10.0
141,3.0,1.0,2004-05-01,2014-02-20,118.0,10.0
142,20.0,1.0,2004-05-01,2014-02-16,118.0,10.0
143,18.0,1.0,2004-05-01,2014-02-16,118.0,10.0
144,30.0,1.0,2004-05-01,2014-04-16,119.0,10.0
145,21.0,1.0,2004-05-01,2014-04-16,119.0,10.0
146,10.0,1.0,2004-05-01,2014-03-25,119.0,10.0
147,16.0,1.0,2004-05-01,2014-03-25,119.0,10.0
148,5.0,1.0,2004-05-01,2014-02-26,118.0,10.0
149,12.0,1.0,2004-05-01,2014-02-26,118.0,10.0
150,10.0,1.0,2004-05-01,2014-02-26,118.0,10.0
151,15.0,1.0,2004-05-01,2013-07-31,111.0,9.0
152,15.0,1.0,2004-05-01,2013-07-31,111.0,9.0
153,15.0,1.0,2004-05-01,2013-07-31,111.0,9.0
154,14.0,1.0,2004-05-01,2013-07-31,111.0,9.0
155,30.0,1.0,2004-05-01,2014-04-21,120.0,10.0
156,2.0,1.0,2004-05-01,2014-04-21,120.0,10.0
157,5.0,1.0,2004-05-01,2014-04-21,120.0,10.0
158,35.0,1.0,2004-05-01,2013-01-01,104.0,9.0
159,30.0,1.0,2004-05-01,2013-01-01,104.0,9.0
160,21.0,1.0,2004-05-01,2013-01-01,104.0,9.0
161,30.0,1.0,2004-05-01,2012-11-26,103.0,9.0
162,5.0,1.0,2004-05-01,2012-11-26,103.0,9.0
163,30.0,1.0,2004-05-01,2013-05-14,108.0,9.0
164,21.0,1.0,2004-05-01,2013-05-14,108.0,9.0
165,6.0,1.0,2004-05-01,2013-05-14,108.0,9.0
166,20.0,1.0,2004-05-01,2013-05-14,108.0,9.0
167,9.0,1.0,2004-05-01,2013-05-14,108.0,9.0
168,50.0,1.0,2004-05-01,2012-07-17,99.0,8.0
169,65.0,1.0,2004-05-01,2012-07-17,99.0,8.0
170,6.0,1.0,2004-05-01,2012-07-17,99.0,8.0
171,30.0,1.0,2004-05-01,2014-03-23,119.0,10.0
172,30.0,1.0,2004-05-01,2014-03-23,119.0,10.0
173,4.0,1.0,2004-05-01,2014-03-23,119.0,10.0
174,20.0,1.0,2004-05-01,2012-11-11,102.0,9.0
175,77.0,1.0,2004-05-01,2012-11-11,102.0,9.0
176,10.0,1.0,2004-05-01,2012-11-11,102.0,9.0
177,13.0,1.0,2004-05-01,2012-11-11,102.0,9.0
178,7.0,1.0,2004-05-01,2013-12-11,115.0,10.0
179,70.0,1.0,2004-05-01,2013-12-11,115.0,10.0
180,33.0,1.0,2004-05-01,2013-12-11,115.0,10.0
181,16.0,1.0,2004-05-01,2013-12-15,115.0,10.0
182,12.0,1.0,2004-05-01,2013-12-15,115.0,10.0
183,120.0,1.0,2004-05-01,2013-12-15,115.0,10.0
184,27.0,1.0,2004-05-01,2013-12-15,115.0,10.0
185,6.0,1.0,2004-05-01,2014-02-23,118.0,10.0
186,30.0,1.0,2004-05-01,2014-02-23,118.0,10.0
187,40.0,1.0,2004-05-01,2014-01-29,117.0,10.0
188,30.0,1.0,2004-05-01,2014-01-29,117.0,10.0
189,35.0,1.0,2004-05-01,2014-01-29,117.0,10.0
190,30.0,1.0,2004-05-01,2013-09-02,112.0,9.0
191,20.0,1.0,2004-05-01,2013-09-02,112.0,9.0
192,50.0,1.0,2004-05-01,2014-04-09,119.0,10.0
193,36.0,1.0,2004-05-01,2014-04-09,119.0,10.0
194,60.0,1.0,2004-05-01,2014-04-09,119.0,10.0
195,32.0,1.0,2004-05-01,2013-10-24,114.0,9.0
196,25.0,1.0,2004-05-01,2013-10-24,114.0,9.0
197,15.0,1.0,2004-05-01,2013-10-24,114.0,9.0
198,60.0,1.0,2004-05-01,2012-12-27,104.0,9.0
199,21.0,1.0,2004-05-01,2012-12-27,104.0,9.0
200,40.0,1.0,2004-05-01,2012-12-27,104.0,9.0
201,40.0,1.0,2004-05-01,2013-03-10,106.0,9.0
202,2.0,1.0,2004-05-01,2013-03-10,106.0,9.0
203,35.0,1.0,2004-05-01,2013-03-10,106.0,9.0
204,12.0,1.0,2004-05-01,2014-01-05,116.0,10.0
205,35.0,1.0,2004-05-01,2014-01-05,116.0,10.0
206,30.0,1.0,2004-05-01,2014-02-09,117.0,10.0
207,25.0,1.0,2004-05-01,2014-02-09,117.0,10.0
208,25.0,1.0,2004-05-01,2013-02-21,106.0,9.0
209,15.0,1.0,2004-05-01,2013-02-21,106.0,9.0
210,25.0,1.0,2004-05-01,2013-06-04,109.0,9.0
211,30.0,1.0,2004-05-01,2013-06-04,109.0,9.0
212,18.0,1.0,2004-05-01,2013-06-04,109.0,9.0
213,20.0,1.0,2004-05-01,2013-06-04,109.0,9.0
214,3.0,1.0,2004-05-01,2013-06-04,109.0,9.0
215,28.0,1.0,2004-05-01,2013-11-17,115.0,10.0
216,10.0,1.0,2004-05-01,2013-04-16,108.0,9.0
217,10.0,1.0,2004-05-01,2013-04-16,108.0,9.0
218,30.0,1.0,2004-05-01,2013-05-23,109.0,9.0
219,40.0,1.0,2004-05-01,2013-05-23,109.0,9.0
220,10.0,1.0,2004-05-01,2013-05-23,109.0,9.0
221,30.0,1.0,2004-05-01,2014-01-23,117.0,10.0
222,20.0,1.0,2004-05-01,2014-01-23,117.0,10.0
223,4.0,1.0,2004-05-01,2014-01-23,117.0,10.0
224,12.0,1.0,2004-05-01,2013-03-13,106.0,9.0
225,12.0,1.0,2004-05-01,2013-03-13,106.0,9.0
226,30.0,1.0,2004-05-01,2013-09-22,113.0,9.0
227,8.0,1.0,2004-05-01,2013-09-22,113.0,9.0
228,12.0,1.0,2004-05-01,2012-08-07,99.0,8.0
229,6.0,1.0,2004-05-01,2012-08-07,99.0,8.0
230,5.0,1.0,2004-05-01,2014-03-16,118.0,10.0
231,40.0,1.0,2004-05-01,2013-10-17,114.0,9.0
232,10.0,1.0,2004-05-01,2013-10-17,114.0,9.0
233,28.0,1.0,2004-05-01,2013-10-17,114.0,9.0
234,10.0,1.0,2004-05-01,2012-09-16,101.0,8.0
235,5.0,1.0,2004-05-01,2012-09-16,101.0,8.0
236,10.0,1.0,2004-05-01,2012-09-16,101.0,8.0
237,10.0,1.0,2004-05-01,2013-07-18,111.0,9.0
238,6.0,1.0,2004-05-01,2013-07-18,111.0,9.0
239,15.0,1.0,2004-05-01,2013-09-10,112.0,9.0
240,12.0,1.0,2004-05-01,2013-09-10,112.0,9.0
241,24.0,1.0,2004-05-01,2013-09-10,112.0,9.0
242,15.0,1.0,2004-05-01,2012-12-18,104.0,9.0
243,12.0,1.0,2004-05-01,2012-12-18,104.0,9.0
244,15.0,1.0,2004-05-01,2012-12-18,104.0,9.0
245,6.0,1.0,2004-05-01,2012-12-18,104.0,9.0
246,15.0,1.0,2004-05-01,2014-02-26,118.0,10.0
247,12.0,1.0,2004-05-01,2014-02-26,118.0,10.0
248,5.0,1.0,2004-05-01,2014-02-26,118.0,10.0
249,25.0,1.0,2004-05-01,2013-03-05,106.0,9.0
250,25.0,1.0,2004-05-01,2013-03-05,106.0,9.0
251,18.0,1.0,2004-05-01,2013-03-05,106.0,9.0
252,20.0,1.0,2004-05-01,2013-03-05,106.0,9.0
253,30.0,1.0,2004-05-01,2013-03-05,106.0,9.0
254,25.0,1.0,2004-05-01,2014-03-12,118.0,10.0
255,40.0,1.0,2004-05-01,2014-03-12,118.0,10.0
256,25.0,1.0,2004-05-01,2014-03-12,118.0,10.0
257,10.0,1.0,2004-05-01,2014-03-03,118.0,10.0
258,40.0,1.0,2004-05-01,2014-03-03,118.0,10.0
259,14.0,1.0,2004-05-01,2013-07-07,110.0,9.0
260,50.0,1.0,2004-05-01,2013-07-07,110.0,9.0
261,10.0,1.0,2004-05-01,2013-07-07,110.0,9.0
262,60.0,1.0,2004-05-01,2014-03-27,119.0,10.0
263,30.0,1.0,2004-05-01,2013-10-02,113.0,9.0
264,20.0,1.0,2004-05-01,2013-10-02,113.0,9.0
265,40.0,1.0,2004-05-01,2014-02-13,117.0,10.0
266,35.0,1.0,2004-05-01,2014-02-13,117.0,10.0
267,70.0,1.0,2004-05-01,2014-02-13,117.0,10.0
268,15.0,1.0,2004-05-01,2013-12-22,116.0,10.0
269,30.0,1.0,2004-05-01,2013-12-22,116.0,10.0
270,18.0,1.0,2004-05-01,2013-12-22,116.0,10.0
271,30.0,1.0,2004-05-01,2013-12-22,116.0,10.0
272,35.0,1.0,2004-05-01,2013-08-13,111.0,9.0
273,12.0,1.0,2004-05-01,2013-08-13,111.0,9.0
274,6.0,1.0,2004-05-01,2012-10-09,101.0,8.0
275,4.0,1.0,2004-05-01,2012-10-09,101.0,8.0
276,40.0,1.0,2004-05-01,2012-10-09,101.0,8.0
277,9.0,1.0,2004-05-01,2012-10-09,101.0,8.0
278,12.0,1.0,2004-05-01,2012-10-09,101.0,8.0
279,20.0,1.0,2004-05-01,2013-10-27,114.0,9.0
280,20.0,1.0,2004-05-01,2013-10-27,114.0,9.0
281,36.0,1.0,2004-05-01,2013-10-27,114.0,9.0
282,40.0,1.0,2004-05-01,2013-10-27,114.0,9.0
283,15.0,1.0,2004-05-01,2013-05-20,109.0,9.0
284,24.0,1.0,2004-05-01,2013-05-20,109.0,9.0
285,10.0,1.0,2004-05-01,2013-06-09,109.0,9.0
286,20.0,1.0,2004-05-01,2013-06-09,109.0,9.0
287,20.0,1.0,2004-05-01,2013-09-03,112.0,9.0
288,2.0,1.0,2004-05-01,2014-04-01,119.0,10.0
289,20.0,1.0,2004-05-01,2013-07-02,110.0,9.0
290,20.0,1.0,2004-05-01,2013-07-02,110.0,9.0
291,6.0,1.0,2004-05-01,2013-07-02,110.0,9.0
292,30.0,1.0,2004-05-01,2014-04-14,119.0,10.0
293,4.0,1.0,2004-05-01,2014-04-14,119.0,10.0
294,20.0,1.0,2004-05-01,2014-01-08,116.0,10.0
295,6.0,1.0,2004-05-01,2014-01-08,116.0,10.0
296,8.0,1.0,2004-05-01,2012-12-17,104.0,9.0
297,20.0,1.0,2004-05-01,2012-12-17,104.0,9.0
298,10.0,1.0,2004-05-01,2012-12-17,104.0,9.0
299,6.0,1.0,2004-05-01,2014-02-27,118.0,10.0
300,6.0,1.0,2004-05-01,2014-02-27,118.0,10.0
301,20.0,1.0,2004-05-01,2014-02-27,118.0,10.0
302,50.0,1.0,2004-05-01,2013-09-24,113.0,9.0
303,20.0,1.0,2004-05-01,2013-09-24,113.0,9.0
304,40.0,1.0,2004-05-01,2013-09-24,113.0,9.0
305,16.0,1.0,2004-05-01,2014-03-16,118.0,10.0
306,2.0,1.0,2004-05-01,2014-03-16,118.0,10.0
307,2.0,1.0,2004-05-01,2014-01-15,117.0,10.0
308,15.0,1.0,2004-05-01,2014-01-15,117.0,10.0
309,21.0,1.0,2004-05-01,2014-01-12,116.0,10.0
310,15.0,1.0,2004-05-01,2014-01-12,116.0,10.0
311,40.0,1.0,2004-05-01,2012-10-29,102.0,8.0
312,20.0,1.0,2004-05-01,2012-10-29,102.0,8.0
313,12.0,1.0,2004-05-01,2012-10-29,102.0,8.0
314,30.0,1.0,2004-05-01,2013-05-02,108.0,9.0
315,15.0,1.0,2004-05-01,2013-05-02,108.0,9.0
316,20.0,1.0,2004-05-01,2012-08-28,100.0,8.0
317,8.0,1.0,2004-05-01,2014-01-15,117.0,10.0
318,20.0,1.0,2004-05-01,2014-01-15,117.0,10.0
319,40.0,1.0,2004-05-01,2013-02-28,106.0,9.0
320,60.0,1.0,2004-05-01,2013-02-28,106.0,9.0
321,28.0,1.0,2004-05-01,2013-02-28,106.0,9.0
322,16.0,1.0,2004-05-01,2012-11-19,103.0,9.0
323,8.0,1.0,2004-05-01,2012-11-19,103.0,9.0
324,30.0,1.0,2004-05-01,2012-11-19,103.0,9.0
325,15.0,1.0,2004-05-01,2014-05-05,120.0,10.0
326,10.0,1.0,2004-05-01,2014-05-05,120.0,10.0
327,12.0,1.0,2004-05-01,2014-01-09,116.0,10.0
328,20.0,1.0,2004-05-01,2014-01-09,116.0,10.0
329,9.0,1.0,2004-05-01,2014-05-04,120.0,10.0
330,21.0,1.0,2004-05-01,2013-06-25,110.0,9.0
331,10.0,1.0,2004-05-01,2013-06-25,110.0,9.0
332,10.0,1.0,2004-05-01,2013-12-18,116.0,10.0
333,10.0,1.0,2004-05-01,2013-12-18,116.0,10.0
334,12.0,1.0,2004-05-01,2013-09-17,113.0,9.0
335,10.0,1.0,2004-05-01,2013-09-17,113.0,9.0
336,10.0,1.0,2004-05-01,2013-09-17,113.0,9.0
337,5.0,1.0,2004-05-01,2014-03-05,118.0,10.0
338,5.0,1.0,2004-05-01,2014-03-05,118.0,10.0
339,9.0,1.0,2004-05-01,2014-03-23,119.0,10.0
340,5.0,1.0,2004-05-01,2013-10-20,114.0,9.0
341,5.0,1.0,2004-05-01,2013-10-20,114.0,9.0
342,10.0,1.0,2004-05-01,2012-12-25,104.0,9.0
343,10.0,1.0,2004-05-01,2012-12-25,104.0,9.0
344,10.0,1.0,2004-05-01,2013-03-21,107.0,9.0
345,30.0,2.0,2004-08-14,2013-10-03,110.0,9.0
346,40.0,2.0,2004-08-14,2013-10-03,110.0,9.0
347,24.0,2.0,2004-08-14,2013-10-03,110.0,9.0
348,48.0,2.0,2004-08-14,2013-10-03,110.0,9.0
349,40.0,2.0,2004-08-14,2013-10-03,110.0,9.0
350,60.0,2.0,2004-08-14,2014-02-02,114.0,9.0
351,80.0,2.0,2004-08-14,2014-02-02,114.0,9.0
352,70.0,2.0,2004-08-14,2012-11-04,99.0,8.0
353,80.0,2.0,2004-08-14,2012-11-04,99.0,8.0
354,9.0,2.0,2004-08-14,2012-11-04,99.0,8.0
355,50.0,2.0,2004-08-14,2013-04-23,104.0,9.0
356,120.0,2.0,2004-08-14,2013-04-23,104.0,9.0
357,16.0,2.0,2004-08-14,2013-04-23,104.0,9.0
358,84.0,2.0,2004-08-14,2013-04-23,104.0,9.0
359,16.0,2.0,2004-08-14,2013-04-23,104.0,9.0
360,100.0,2.0,2004-08-14,2013-07-03,107.0,9.0
361,40.0,2.0,2004-08-14,2013-07-03,107.0,9.0
362,12.0,2.0,2004-08-14,2012-09-24,97.0,8.0
363,30.0,2.0,2004-08-14,2014-04-06,116.0,10.0
364,25.0,2.0,2004-08-14,2014-04-06,116.0,10.0
365,30.0,2.0,2004-08-14,2014-04-06,116.0,10.0
366,10.0,2.0,2004-08-14,2012-09-17,97.0,8.0
367,3.0,2.0,2004-08-14,2012-09-17,97.0,8.0
368,24.0,2.0,2004-08-14,2012-09-23,97.0,8.0
369,10.0,2.0,2004-08-14,2012-09-23,97.0,8.0
370,20.0,2.0,2004-08-14,2012-09-23,97.0,8.0
371,4.0,2.0,2004-08-14,2012-09-23,97.0,8.0
372,20.0,2.0,2004-08-14,2014-05-05,117.0,10.0
373,10.0,2.0,2004-08-14,2014-05-05,117.0,10.0
374,30.0,2.0,2004-08-14,2013-04-10,104.0,9.0
375,6.0,2.0,2004-08-14,2013-04-10,104.0,9.0
376,21.0,2.0,2004-08-14,2013-04-10,104.0,9.0
377,5.0,2.0,2004-08-14,2013-03-26,103.0,9.0
378,30.0,2.0,2004-08-14,2013-03-26,103.0,9.0
379,24.0,2.0,2004-08-14,2013-03-26,103.0,9.0
380,15.0,2.0,2004-08-14,2013-12-19,112.0,9.0
381,20.0,2.0,2004-08-14,2013-12-19,112.0,9.0
382,16.0,2.0,2004-08-14,2014-01-14,113.0,9.0
383,10.0,2.0,2004-08-14,2014-01-14,113.0,9.0
384,3.0,2.0,2004-08-14,2014-01-14,113.0,9.0
385,3.0,2.0,2004-08-14,2014-01-14,113.0,9.0
386,40.0,2.0,2004-08-14,2014-05-05,117.0,10.0
387,20.0,2.0,2004-08-14,2014-05-05,117.0,10.0
388,30.0,2.0,2004-08-14,2014-05-05,117.0,10.0
389,20.0,2.0,2004-08-14,2014-05-05,117.0,10.0
390,6.0,2.0,2004-08-14,2013-05-30,105.0,9.0
391,14.0,2.0,2004-08-14,2013-05-30,105.0,9.0
392,15.0,2.0,2004-08-14,2013-05-30,105.0,9.0
393,30.0,2.0,2004-08-14,2013-05-30,105.0,9.0
394,24.0,2.0,2004-08-14,2013-05-30,105.0,9.0
395,24.0,2.0,2004-08-14,2013-06-30,107.0,9.0
396,10.0,2.0,2004-08-14,2013-06-30,107.0,9.0
397,10.0,2.0,2004-08-14,2013-06-30,107.0,9.0
398,20.0,2.0,2004-08-14,2013-12-17,112.0,9.0
399,3.0,2.0,2004-08-14,2013-12-17,112.0,9.0
400,35.0,2.0,2004-08-14,2013-12-17,112.0,9.0
401,21.0,2.0,2004-08-14,2013-09-22,109.0,9.0
402,7.0,2.0,2004-08-14,2013-09-22,109.0,9.0
403,2.0,2.0,2004-08-14,2013-09-22,109.0,9.0
404,30.0,2.0,2004-08-14,2014-02-27,114.0,10.0
405,10.0,2.0,2004-08-14,2014-02-27,114.0,10.0
406,10.0,2.0,2004-08-14,2014-02-27,114.0,10.0
407,10.0,2.0,2004-08-14,2012-10-28,98.0,8.0
408,28.0,2.0,2004-08-14,2012-10-28,98.0,8.0
409,70.0,2.0,2004-08-14,2012-10-28,98.0,8.0
410,9.0,2.0,2004-08-14,2013-09-26,109.0,9.0
411,20.0,2.0,2004-08-14,2012-07-25,95.0,8.0
412,30.0,2.0,2004-08-14,2012-07-25,95.0,8.0
413,36.0,2.0,2004-08-14,2014-03-30,115.0,10.0
414,35.0,2.0,2004-08-14,2014-03-30,115.0,10.0
415,8.0,2.0,2004-08-14,2014-03-30,115.0,10.0
416,40.0,2.0,2004-08-14,2014-02-26,114.0,10.0
417,60.0,2.0,2004-08-14,2014-02-26,114.0,10.0
418,20.0,2.0,2004-08-14,2013-04-24,104.0,9.0
419,25.0,2.0,2004-08-14,2013-04-24,104.0,9.0
420,80.0,2.0,2004-08-14,2013-04-24,104.0,9.0
421,12.0,2.0,2004-08-14,2012-08-14,96.0,8.0
422,30.0,2.0,2004-08-14,2012-08-14,96.0,8.0
423,20.0,2.0,2004-08-14,2012-08-14,96.0,8.0
424,30.0,2.0,2004-08-14,2012-12-30,101.0,8.0
425,120.0,2.0,2004-08-14,2012-12-30,101.0,8.0
426,50.0,2.0,2004-08-14,2013-09-04,109.0,9.0
427,10.0,2.0,2004-08-14,2013-09-04,109.0,9.0
428,30.0,2.0,2004-08-14,2013-09-04,109.0,9.0
429,45.0,2.0,2004-08-14,2013-09-04,109.0,9.0
430,24.0,2.0,2004-08-14,2013-09-04,109.0,9.0
431,45.0,2.0,2004-08-14,2013-09-04,109.0,9.0
432,16.0,2.0,2004-08-14,2014-01-05,113.0,9.0
433,15.0,2.0,2004-08-14,2014-03-27,115.0,10.0
434,84.0,2.0,2004-08-14,2014-03-27,115.0,10.0
435,24.0,2.0,2004-08-14,2014-03-02,115.0,10.0
436,24.0,2.0,2004-08-14,2014-03-02,115.0,10.0
437,20.0,2.0,2004-08-14,2014-03-02,115.0,10.0
438,28.0,2.0,2004-08-14,2014-04-10,116.0,10.0
439,8.0,2.0,2004-08-14,2013-11-24,111.0,9.0
440,3.0,2.0,2004-08-14,2013-11-24,111.0,9.0
441,30.0,2.0,2004-08-14,2013-05-29,105.0,9.0
442,18.0,2.0,2004-08-14,2013-05-29,105.0,9.0
443,20.0,2.0,2004-08-14,2012-12-19,100.0,8.0
444,40.0,2.0,2004-08-14,2012-12-19,100.0,8.0
445,15.0,2.0,2004-08-14,2012-12-19,100.0,8.0
446,12.0,2.0,2004-08-14,2014-04-08,116.0,10.0
447,9.0,2.0,2004-08-14,2014-04-08,116.0,10.0
448,18.0,2.0,2004-08-14,2014-04-08,116.0,10.0
449,9.0,2.0,2004-08-14,2014-03-27,115.0,10.0
450,20.0,2.0,2004-08-14,2014-03-27,115.0,10.0
451,12.0,2.0,2004-08-14,2014-03-13,115.0,10.0
452,60.0,2.0,2004-08-14,2014-03-13,115.0,10.0
453,6.0,2.0,2004-08-14,2014-03-13,115.0,10.0
454,30.0,2.0,2004-08-14,2014-03-13,115.0,10.0
455,2.0,2.0,2004-08-14,2014-04-07,116.0,10.0
456,10.0,2.0,2004-08-14,2014-04-07,116.0,10.0
457,6.0,2.0,2004-08-14,2013-09-18,109.0,9.0
458,3.0,2.0,2004-08-14,2013-09-18,109.0,9.0
459,6.0,2.0,2004-08-14,2013-09-18,109.0,9.0
460,5.0,2.0,2004-08-14,2013-07-30,108.0,9.0
461,10.0,2.0,2004-08-14,2014-04-20,116.0,10.0
462,60.0,2.0,2004-08-14,2014-04-20,116.0,10.0
463,30.0,2.0,2004-08-14,2014-04-20,116.0,10.0
464,10.0,2.0,2004-08-14,2014-04-20,116.0,10.0
465,30.0,2.0,2004-08-14,2014-01-22,113.0,9.0
466,21.0,2.0,2004-08-14,2014-01-22,113.0,9.0
467,20.0,2.0,2004-08-14,2014-01-22,113.0,9.0
468,60.0,2.0,2004-08-14,2014-04-01,116.0,10.0
469,66.0,2.0,2004-08-14,2014-04-01,116.0,10.0
470,65.0,2.0,2004-08-14,2014-04-01,116.0,10.0
471,65.0,2.0,2004-08-14,2014-04-01,116.0,10.0
472,30.0,2.0,2004-08-14,2013-07-10,107.0,9.0
473,120.0,2.0,2004-08-14,2013-07-10,107.0,9.0
474,65.0,2.0,2004-08-14,2013-07-10,107.0,9.0
475,5.0,2.0,2004-08-14,2012-11-29,100.0,8.0
476,25.0,2.0,2004-08-14,2012-11-29,100.0,8.0
477,35.0,2.0,2004-08-14,2012-11-29,100.0,8.0
478,13.0,2.0,2004-08-14,2012-11-29,100.0,8.0
479,25.0,2.0,2004-08-14,2012-10-11,98.0,8.0
480,50.0,2.0,2004-08-14,2012-10-11,98.0,8.0
481,35.0,2.0,2004-08-14,2012-10-11,98.0,8.0
482,30.0,2.0,2004-08-14,2012-10-11,98.0,8.0
483,10.0,2.0,2004-08-14,2013-06-06,106.0,9.0
484,50.0,2.0,2004-08-14,2013-06-06,106.0,9.0
485,25.0,2.0,2004-08-14,2014-04-06,116.0,10.0
486,6.0,2.0,2004-08-14,2014-04-06,116.0,10.0
487,60.0,2.0,2004-08-14,2014-04-06,116.0,10.0
488,25.0,2.0,2004-08-14,2014-04-06,116.0,10.0
489,21.0,2.0,2004-08-14,2013-03-03,103.0,9.0
490,1.0,2.0,2004-08-14,2013-03-03,103.0,9.0
491,25.0,2.0,2004-08-14,2014-04-17,116.0,10.0
492,30.0,2.0,2004-08-14,2014-04-17,116.0,10.0
493,35.0,2.0,2004-08-14,2014-04-17,116.0,10.0
494,35.0,2.0,2004-08-14,2014-04-29,116.0,10.0
495,12.0,2.0,2004-08-14,2014-04-29,116.0,10.0
496,30.0,2.0,2004-08-14,2014-04-29,116.0,10.0
497,70.0,2.0,2004-08-14,2013-06-10,106.0,9.0
498,25.0,2.0,2004-08-14,2013-06-10,106.0,9.0
499,30.0,2.0,2004-08-14,2013-01-07,101.0,8.0
500,15.0,2.0,2004-08-14,2013-01-07,101.0,8.0
501,15.0,2.0,2004-08-14,2013-01-07,101.0,8.0
502,24.0,2.0,2004-08-14,2014-04-14,116.0,10.0
503,20.0,2.0,2004-08-14,2013-03-18,103.0,9.0
504,2.0,2.0,2004-08-14,2013-12-26,112.0,9.0
505,10.0,2.0,2004-08-14,2013-12-26,112.0,9.0
506,10.0,2.0,2004-08-14,2014-03-10,115.0,10.0
507,40.0,2.0,2004-08-14,2014-03-10,115.0,10.0
508,30.0,2.0,2004-08-14,2012-09-09,97.0,8.0
509,20.0,2.0,2004-08-14,2012-09-09,97.0,8.0
510,30.0,2.0,2004-08-14,2013-01-03,101.0,8.0
511,30.0,2.0,2004-08-14,2013-01-03,101.0,8.0
512,40.0,2.0,2004-08-14,2013-01-03,101.0,8.0
513,20.0,2.0,2004-08-14,2013-11-07,111.0,9.0
514,30.0,2.0,2004-08-14,2013-11-07,111.0,9.0
515,15.0,2.0,2004-08-14,2013-11-07,111.0,9.0
516,2.0,2.0,2004-08-14,2014-04-09,116.0,10.0
517,10.0,2.0,2004-08-14,2014-04-09,116.0,10.0
518,4.0,2.0,2004-08-14,2014-04-09,116.0,10.0
519,20.0,2.0,2004-08-14,2014-04-09,116.0,10.0
520,18.0,2.0,2004-08-14,2013-01-14,101.0,8.0
521,50.0,2.0,2004-08-14,2013-01-14,101.0,8.0
522,18.0,2.0,2004-08-14,2014-04-10,116.0,10.0
523,15.0,2.0,2004-08-14,2014-04-10,116.0,10.0
524,12.0,2.0,2004-08-14,2014-03-23,115.0,10.0
525,40.0,2.0,2004-08-14,2014-03-23,115.0,10.0
526,18.0,2.0,2004-08-14,2014-04-02,116.0,10.0
527,35.0,2.0,2004-08-14,2013-05-19,105.0,9.0
528,4.0,2.0,2004-08-14,2013-05-19,105.0,9.0
529,36.0,2.0,2004-08-14,2013-05-19,105.0,9.0
530,9.0,2.0,2004-08-14,2013-05-19,105.0,9.0
531,15.0,2.0,2004-08-14,2013-09-30,110.0,9.0
532,30.0,2.0,2004-08-14,2013-09-30,110.0,9.0
533,20.0,2.0,2004-08-14,2014-04-27,116.0,10.0
534,25.0,2.0,2004-08-14,2014-04-27,116.0,10.0
535,35.0,2.0,2004-08-14,2014-04-27,116.0,10.0
536,50.0,2.0,2004-08-14,2012-12-24,100.0,8.0
537,5.0,2.0,2004-08-14,2013-08-05,108.0,9.0
538,5.0,2.0,2004-08-14,2013-08-05,108.0,9.0
539,5.0,2.0,2004-08-14,2014-01-01,113.0,9.0
540,5.0,2.0,2004-08-14,2014-01-01,113.0,9.0
541,7.0,2.0,2004-08-14,2014-01-01,113.0,9.0
542,36.0,2.0,2004-08-14,2013-02-25,102.0,9.0
543,24.0,2.0,2004-08-14,2014-04-16,116.0,10.0
544,35.0,2.0,2004-08-14,2014-04-16,116.0,10.0
545,10.0,2.0,2004-08-14,2014-04-09,116.0,10.0
546,20.0,2.0,2004-08-14,2014-04-09,116.0,10.0
547,10.0,2.0,2004-08-14,2013-11-03,111.0,9.0
548,10.0,2.0,2004-08-14,2013-11-03,111.0,9.0
549,20.0,2.0,2004-08-14,2013-11-03,111.0,9.0
550,10.0,2.0,2004-08-14,2013-12-30,113.0,9.0
551,10.0,2.0,2004-08-14,2013-12-30,113.0,9.0
552,7.0,2.0,2004-08-14,2014-01-07,113.0,9.0
553,20.0,2.0,2004-08-14,2014-01-07,113.0,9.0
554,40.0,2.0,2004-08-14,2014-03-31,116.0,10.0
555,15.0,2.0,2004-08-14,2014-03-31,116.0,10.0
556,4.0,2.0,2004-08-14,2014-03-31,116.0,10.0
557,16.0,2.0,2004-08-14,2012-12-11,100.0,8.0
558,20.0,2.0,2004-08-14,2012-12-11,100.0,8.0
559,8.0,2.0,2004-08-14,2012-12-11,100.0,8.0
560,20.0,2.0,2004-08-14,2013-03-11,103.0,9.0
561,30.0,2.0,2004-08-14,2013-03-11,103.0,9.0
562,24.0,2.0,2004-08-14,2013-06-03,106.0,9.0
563,30.0,2.0,2004-08-14,2013-09-15,109.0,9.0
564,3.0,2.0,2004-08-14,2013-11-12,111.0,9.0
565,50.0,2.0,2004-08-14,2014-01-01,113.0,9.0
566,20.0,2.0,2004-08-14,2014-01-01,113.0,9.0
567,30.0,2.0,2004-08-14,2013-09-10,109.0,9.0
568,20.0,2.0,2004-08-14,2013-09-10,109.0,9.0
569,30.0,2.0,2004-08-14,2013-09-10,109.0,9.0
570,35.0,2.0,2004-08-14,2013-12-16,112.0,9.0
571,15.0,2.0,2004-08-14,2013-12-16,112.0,9.0
572,4.0,2.0,2004-08-14,2014-01-29,114.0,9.0
573,10.0,2.0,2004-08-14,2014-01-29,114.0,9.0
574,5.0,2.0,2004-08-14,2014-01-29,114.0,9.0
575,12.0,2.0,2004-08-14,2012-08-09,96.0,8.0
576,20.0,2.0,2004-08-14,2012-08-09,96.0,8.0
577,14.0,2.0,2004-08-14,2014-03-24,115.0,10.0
578,15.0,2.0,2004-08-14,2014-04-22,116.0,10.0
579,4.0,2.0,2004-08-14,2014-04-22,116.0,10.0
580,10.0,2.0,2004-08-14,2014-04-30,117.0,10.0
581,4.0,2.0,2004-08-14,2014-04-30,117.0,10.0
582,2.0,2.0,2004-08-14,2013-01-22,101.0,8.0
583,4.0,2.0,2004-08-14,2012-09-02,97.0,8.0
584,4.0,2.0,2004-08-14,2013-11-11,111.0,9.0
585,12.0,2.0,2004-08-14,2013-11-11,111.0,9.0
586,60.0,4.0,2005-05-03,2013-01-17,93.0,8.0
587,16.0,4.0,2005-05-03,2013-01-17,93.0,8.0
588,55.0,4.0,2005-05-03,2013-01-17,93.0,8.0
589,15.0,4.0,2005-05-03,2013-01-17,93.0,8.0
590,28.0,4.0,2005-05-03,2013-02-19,94.0,8.0
591,55.0,4.0,2005-05-03,2013-02-19,94.0,8.0
592,35.0,4.0,2005-05-03,2013-02-19,94.0,8.0
593,120.0,4.0,2005-05-03,2013-02-19,94.0,8.0
594,70.0,4.0,2005-05-03,2013-09-05,100.0,8.0
595,60.0,4.0,2005-05-03,2013-09-05,100.0,8.0
596,55.0,4.0,2005-05-03,2013-09-05,100.0,8.0
597,70.0,4.0,2005-05-03,2013-09-05,100.0,8.0
598,20.0,4.0,2005-05-03,2014-02-10,105.0,9.0
599,40.0,4.0,2005-05-03,2014-04-02,107.0,9.0
600,18.0,4.0,2005-05-03,2012-08-30,88.0,7.0
601,15.0,4.0,2005-05-03,2012-08-30,88.0,7.0
602,6.0,4.0,2005-05-03,2012-08-30,88.0,7.0
603,21.0,4.0,2005-05-03,2012-08-30,88.0,7.0
604,15.0,4.0,2005-05-03,2012-08-30,88.0,7.0
605,6.0,4.0,2005-05-03,2013-06-10,97.0,8.0
606,16.0,4.0,2005-05-03,2013-06-10,97.0,8.0
607,25.0,4.0,2005-05-03,2013-06-10,97.0,8.0
608,7.0,4.0,2005-05-03,2013-05-21,97.0,8.0
609,7.0,4.0,2005-05-03,2013-05-21,97.0,8.0
610,20.0,4.0,2005-05-03,2014-04-13,107.0,9.0
611,5.0,4.0,2005-05-03,2014-04-13,107.0,9.0
612,10.0,4.0,2005-05-03,2014-04-13,107.0,9.0
613,15.0,4.0,2005-05-03,2012-11-07,90.0,8.0
614,25.0,4.0,2005-05-03,2012-11-07,90.0,8.0
615,15.0,4.0,2005-05-03,2013-08-21,100.0,8.0
616,20.0,4.0,2005-05-03,2013-08-21,100.0,8.0
617,12.0,4.0,2005-05-03,2014-04-16,107.0,9.0
618,20.0,4.0,2005-05-03,2014-04-16,107.0,9.0
619,12.0,4.0,2005-05-03,2014-03-20,107.0,9.0
620,12.0,4.0,2005-05-03,2014-03-20,107.0,9.0
621,8.0,4.0,2005-05-03,2014-03-20,107.0,9.0
622,30.0,4.0,2005-05-03,2014-02-26,106.0,9.0
623,40.0,4.0,2005-05-03,2014-02-26,106.0,9.0
624,15.0,4.0,2005-05-03,2014-02-26,106.0,9.0
625,15.0,4.0,2005-05-03,2013-11-04,102.0,9.0
626,12.0,4.0,2005-05-03,2013-11-04,102.0,9.0
627,15.0,4.0,2005-05-03,2013-11-04,102.0,9.0
628,6.0,4.0,2005-05-03,2013-11-04,102.0,9.0
629,15.0,4.0,2005-05-03,2013-04-02,95.0,8.0
630,10.0,4.0,2005-05-03,2013-04-02,95.0,8.0
631,10.0,4.0,2005-05-03,2013-04-02,95.0,8.0
632,20.0,4.0,2005-05-03,2013-02-21,94.0,8.0
633,20.0,4.0,2005-05-03,2013-02-21,94.0,8.0
634,10.0,4.0,2005-05-03,2013-02-21,94.0,8.0
635,40.0,4.0,2005-05-03,2013-04-30,96.0,8.0
636,24.0,4.0,2005-05-03,2013-04-30,96.0,8.0
637,20.0,4.0,2005-05-03,2013-04-30,96.0,8.0
638,25.0,4.0,2005-05-03,2013-04-30,96.0,8.0
639,5.0,4.0,2005-05-03,2012-08-19,88.0,7.0
640,21.0,4.0,2005-05-03,2012-08-19,88.0,7.0
641,15.0,4.0,2005-05-03,2012-08-19,88.0,7.0
642,20.0,4.0,2005-05-03,2012-08-19,88.0,7.0
643,15.0,4.0,2005-05-03,2012-10-31,90.0,7.0
644,4.0,4.0,2005-05-03,2012-10-31,90.0,7.0
645,50.0,4.0,2005-05-03,2012-10-31,90.0,7.0
646,8.0,4.0,2005-05-03,2013-05-05,96.0,8.0
647,30.0,4.0,2005-05-03,2013-05-05,96.0,8.0
648,10.0,4.0,2005-05-03,2013-05-05,96.0,8.0
649,25.0,4.0,2005-05-03,2013-08-19,100.0,8.0
650,6.0,4.0,2005-05-03,2013-08-19,100.0,8.0
651,5.0,4.0,2005-05-03,2013-04-25,96.0,8.0
652,15.0,4.0,2005-05-03,2013-04-25,96.0,8.0
653,9.0,4.0,2005-05-03,2013-04-25,96.0,8.0
654,20.0,4.0,2005-05-03,2013-07-07,98.0,8.0
655,60.0,4.0,2005-05-03,2013-07-07,98.0,8.0
656,15.0,4.0,2005-05-03,2014-02-25,106.0,9.0
657,12.0,4.0,2005-05-03,2014-04-23,108.0,9.0
658,25.0,4.0,2005-05-03,2013-08-12,99.0,8.0
659,10.0,4.0,2005-05-03,2012-11-22,91.0,8.0
660,35.0,4.0,2005-05-03,2012-11-22,91.0,8.0
661,35.0,4.0,2005-05-03,2012-11-22,91.0,8.0
662,28.0,4.0,2005-05-03,2012-11-22,91.0,8.0
663,30.0,4.0,2005-05-03,2012-11-22,91.0,8.0
664,50.0,4.0,2005-05-03,2013-06-30,98.0,8.0
665,50.0,4.0,2005-05-03,2012-12-05,91.0,8.0
666,80.0,4.0,2005-05-03,2012-12-05,91.0,8.0
667,25.0,4.0,2005-05-03,2014-02-06,105.0,9.0
668,21.0,4.0,2005-05-03,2014-02-06,105.0,9.0
669,15.0,4.0,2005-05-03,2014-02-06,105.0,9.0
670,80.0,4.0,2005-05-03,2014-01-22,105.0,9.0
671,12.0,4.0,2005-05-03,2014-01-22,105.0,9.0
672,45.0,4.0,2005-05-03,2014-01-22,105.0,9.0
673,55.0,4.0,2005-05-03,2014-01-22,105.0,9.0
674,60.0,4.0,2005-05-03,2014-01-22,105.0,9.0
675,36.0,4.0,2005-05-03,2014-01-22,105.0,9.0
676,45.0,4.0,2005-05-03,2013-02-10,93.0,8.0
677,90.0,4.0,2005-05-03,2013-02-10,93.0,8.0
678,49.0,4.0,2005-05-03,2013-02-10,93.0,8.0
679,24.0,4.0,2005-05-03,2013-02-10,93.0,8.0
680,15.0,4.0,2005-05-03,2014-04-06,107.0,9.0
681,24.0,4.0,2005-05-03,2014-04-06,107.0,9.0
682,40.0,4.0,2005-05-03,2014-04-06,107.0,9.0
683,56.0,4.0,2005-05-03,2014-04-06,107.0,9.0
684,20.0,4.0,2005-05-03,2014-02-11,105.0,9.0
685,25.0,4.0,2005-05-03,2014-02-11,105.0,9.0
686,32.0,4.0,2005-05-03,2014-02-11,105.0,9.0
687,20.0,4.0,2005-05-03,2013-03-25,95.0,8.0
688,60.0,4.0,2005-05-03,2013-03-25,95.0,8.0
689,20.0,4.0,2005-05-03,2013-03-25,95.0,8.0
690,30.0,4.0,2005-05-03,2013-03-25,95.0,8.0
691,10.0,4.0,2005-05-03,2014-01-19,105.0,9.0
692,6.0,4.0,2005-05-03,2014-01-19,105.0,9.0
693,20.0,4.0,2005-05-03,2014-02-02,105.0,9.0
694,12.0,4.0,2005-05-03,2014-02-02,105.0,9.0
695,50.0,4.0,2005-05-03,2013-08-22,100.0,8.0
696,60.0,4.0,2005-05-03,2013-08-22,100.0,8.0
697,6.0,4.0,2005-05-03,2012-07-16,86.0,7.0
698,15.0,4.0,2005-05-03,2012-07-16,86.0,7.0
699,25.0,4.0,2005-05-03,2012-07-16,86.0,7.0
700,40.0,4.0,2005-05-03,2013-07-29,99.0,8.0
701,8.0,4.0,2005-05-03,2013-07-29,99.0,8.0
702,30.0,4.0,2005-05-03,2014-02-23,106.0,9.0
703,30.0,4.0,2005-05-03,2014-02-23,106.0,9.0
704,21.0,4.0,2005-05-03,2014-03-09,106.0,9.0
705,8.0,4.0,2005-05-03,2014-03-09,106.0,9.0
706,4.0,4.0,2005-05-03,2014-03-09,106.0,9.0
707,24.0,4.0,2005-05-03,2013-12-30,104.0,9.0
708,15.0,4.0,2005-05-03,2013-12-30,104.0,9.0
709,15.0,4.0,2005-05-03,2013-12-30,104.0,9.0
710,9.0,4.0,2005-05-03,2013-08-12,99.0,8.0
711,20.0,4.0,2005-05-03,2013-08-12,99.0,8.0
712,30.0,4.0,2005-05-03,2012-12-20,92.0,8.0
713,20.0,4.0,2005-05-03,2012-12-20,92.0,8.0
714,15.0,4.0,2005-05-03,2012-12-20,92.0,8.0
715,16.0,4.0,2005-05-03,2012-12-20,92.0,8.0
716,30.0,4.0,2005-05-03,2013-01-30,93.0,8.0
717,50.0,4.0,2005-05-03,2013-01-30,93.0,8.0
718,50.0,4.0,2005-05-03,2013-01-30,93.0,8.0
719,10.0,4.0,2005-05-03,2013-08-07,99.0,8.0
720,6.0,4.0,2005-05-03,2013-08-07,99.0,8.0
721,10.0,4.0,2005-05-03,2013-08-07,99.0,8.0
722,20.0,4.0,2005-05-03,2014-02-06,105.0,9.0
723,3.0,4.0,2005-05-03,2014-02-06,105.0,9.0
724,30.0,4.0,2005-05-03,2014-01-06,104.0,9.0
725,20.0,4.0,2005-05-03,2014-01-06,104.0,9.0
726,20.0,4.0,2005-05-03,2014-04-22,108.0,9.0
727,30.0,4.0,2005-05-03,2013-07-31,99.0,8.0
728,15.0,4.0,2005-05-03,2014-04-30,108.0,9.0
729,12.0,4.0,2005-05-03,2012-09-10,88.0,7.0
730,40.0,4.0,2005-05-03,2012-09-10,88.0,7.0
731,28.0,4.0,2005-05-03,2012-09-10,88.0,7.0
732,40.0,4.0,2005-05-03,2012-07-09,86.0,7.0
733,25.0,4.0,2005-05-03,2012-07-09,86.0,7.0
734,40.0,4.0,2005-05-03,2012-07-09,86.0,7.0
735,36.0,4.0,2005-05-03,2014-03-06,106.0,9.0
736,25.0,4.0,2005-05-03,2014-03-06,106.0,9.0
737,25.0,4.0,2005-05-03,2014-03-06,106.0,9.0
738,30.0,4.0,2005-05-03,2014-03-06,106.0,9.0
739,2.0,4.0,2005-05-03,2013-12-05,103.0,9.0
740,25.0,4.0,2005-05-03,2013-11-03,102.0,9.0
741,5.0,4.0,2005-05-03,2013-11-03,102.0,9.0
742,21.0,4.0,2005-05-03,2014-04-15,107.0,9.0
743,12.0,4.0,2005-05-03,2014-04-15,107.0,9.0
744,30.0,4.0,2005-05-03,2014-04-15,107.0,9.0
745,50.0,4.0,2005-05-03,2014-04-15,107.0,9.0
746,60.0,4.0,2005-05-03,2013-01-20,93.0,8.0
747,20.0,4.0,2005-05-03,2013-01-20,93.0,8.0
748,30.0,4.0,2005-05-03,2014-03-06,106.0,9.0
749,42.0,4.0,2005-05-03,2014-03-06,106.0,9.0
750,8.0,4.0,2005-05-03,2014-05-05,108.0,9.0
751,22.0,4.0,2005-05-03,2014-05-05,108.0,9.0
752,130.0,4.0,2005-05-03,2014-05-05,108.0,9.0
753,40.0,4.0,2005-05-03,2014-05-05,108.0,9.0
754,8.0,4.0,2005-05-03,2013-10-09,101.0,8.0
755,65.0,4.0,2005-05-03,2013-10-09,101.0,8.0
756,15.0,4.0,2005-05-03,2013-10-09,101.0,8.0
757,8.0,4.0,2005-05-03,2013-10-09,101.0,8.0
758,12.0,4.0,2005-05-03,2013-10-09,101.0,8.0
759,32.0,4.0,2005-05-03,2012-12-13,91.0,8.0
760,60.0,4.0,2005-05-03,2012-12-13,91.0,8.0
761,14.0,4.0,2005-05-03,2012-12-13,91.0,8.0
762,50.0,4.0,2005-05-03,2012-12-13,91.0,8.0
763,9.0,4.0,2005-05-03,2012-12-13,91.0,8.0
764,21.0,4.0,2005-05-03,2013-01-03,92.0,8.0
765,70.0,4.0,2005-05-03,2013-01-03,92.0,8.0
766,50.0,4.0,2005-05-03,2013-01-30,93.0,8.0
767,70.0,4.0,2005-05-03,2013-01-30,93.0,8.0
768,30.0,4.0,2005-05-03,2013-01-30,93.0,8.0
769,45.0,4.0,2005-05-03,2013-01-30,93.0,8.0
770,40.0,4.0,2005-05-03,2014-03-27,107.0,9.0
771,50.0,4.0,2005-05-03,2013-12-11,103.0,9.0
772,2.0,4.0,2005-05-03,2013-12-11,103.0,9.0
773,24.0,4.0,2005-05-03,2012-10-30,90.0,7.0
774,56.0,4.0,2005-05-03,2012-10-30,90.0,7.0
775,40.0,4.0,2005-05-03,2012-10-30,90.0,7.0
776,40.0,4.0,2005-05-03,2012-10-30,90.0,7.0
777,25.0,4.0,2005-05-03,2013-09-16,100.0,8.0
778,25.0,4.0,2005-05-03,2013-09-16,100.0,8.0
779,32.0,4.0,2005-05-03,2013-09-16,100.0,8.0
780,60.0,4.0,2005-05-03,2013-09-16,100.0,8.0
781,50.0,4.0,2005-05-03,2013-09-16,100.0,8.0
782,15.0,4.0,2005-05-03,2012-07-29,87.0,7.0
783,70.0,4.0,2005-05-03,2012-07-29,87.0,7.0
784,50.0,4.0,2005-05-03,2012-07-29,87.0,7.0
785,24.0,4.0,2005-05-03,2012-10-24,90.0,7.0
786,25.0,4.0,2005-05-03,2012-10-24,90.0,7.0
787,40.0,4.0,2005-05-03,2012-10-24,90.0,7.0
788,20.0,4.0,2005-05-03,2012-10-24,90.0,7.0
789,28.0,4.0,2005-05-03,2012-10-24,90.0,7.0
790,12.0,4.0,2005-05-03,2013-04-11,95.0,8.0
791,25.0,4.0,2005-05-03,2013-04-11,95.0,8.0
792,12.0,4.0,2005-05-03,2013-04-11,95.0,8.0
793,10.0,4.0,2005-05-03,2013-04-11,95.0,8.0
794,35.0,4.0,2005-05-03,2013-11-13,102.0,9.0
795,14.0,4.0,2005-05-03,2013-11-13,102.0,9.0
796,5.0,4.0,2005-05-03,2013-11-13,102.0,9.0
797,40.0,4.0,2005-05-03,2013-11-13,102.0,9.0
798,35.0,4.0,2005-05-03,2012-11-01,90.0,7.0
799,70.0,4.0,2005-05-03,2012-11-01,90.0,7.0
800,40.0,4.0,2005-05-03,2014-01-30,105.0,9.0
801,3.0,4.0,2005-05-03,2014-01-30,105.0,9.0
802,35.0,4.0,2005-05-03,2014-01-30,105.0,9.0
803,42.0,4.0,2005-05-03,2014-01-30,105.0,9.0
804,20.0,4.0,2005-05-03,2014-01-30,105.0,9.0
805,20.0,4.0,2005-05-03,2013-08-06,99.0,8.0
806,18.0,4.0,2005-05-03,2013-08-06,99.0,8.0
807,20.0,4.0,2005-05-03,2012-09-06,88.0,7.0
808,15.0,4.0,2005-05-03,2012-09-06,88.0,7.0
809,35.0,4.0,2005-05-03,2013-02-14,93.0,8.0
810,40.0,4.0,2005-05-03,2013-02-14,93.0,8.0
811,2.0,4.0,2005-05-03,2013-02-14,93.0,8.0
812,15.0,4.0,2005-05-03,2013-11-14,102.0,9.0
813,4.0,4.0,2005-05-03,2014-02-02,105.0,9.0
814,15.0,4.0,2005-05-03,2014-02-02,105.0,9.0
815,28.0,4.0,2005-05-03,2013-10-16,101.0,8.0
816,40.0,4.0,2005-05-03,2013-10-16,101.0,8.0
817,21.0,4.0,2005-05-03,2013-10-16,101.0,8.0
818,24.0,4.0,2005-05-03,2014-03-03,106.0,9.0
819,40.0,4.0,2005-05-03,2013-12-05,103.0,9.0
820,40.0,4.0,2005-05-03,2013-12-05,103.0,9.0
821,35.0,4.0,2005-05-03,2013-12-05,103.0,9.0
822,21.0,4.0,2005-05-03,2012-07-19,87.0,7.0
823,15.0,4.0,2005-05-03,2012-07-19,87.0,7.0
824,50.0,4.0,2005-05-03,2012-07-19,87.0,7.0
825,16.0,4.0,2005-05-03,2012-07-19,87.0,7.0
826,30.0,4.0,2005-05-03,2013-06-26,98.0,8.0
827,15.0,4.0,2005-05-03,2013-06-26,98.0,8.0
828,9.0,4.0,2005-05-03,2013-06-26,98.0,8.0
829,10.0,4.0,2005-05-03,2013-05-30,97.0,8.0
830,30.0,4.0,2005-05-03,2013-05-30,97.0,8.0
831,20.0,4.0,2005-05-03,2013-05-30,97.0,8.0
832,20.0,4.0,2005-05-03,2013-05-30,97.0,8.0
833,40.0,4.0,2005-05-03,2013-02-27,94.0,8.0
834,16.0,4.0,2005-05-03,2013-02-27,94.0,8.0
835,20.0,4.0,2005-05-03,2013-02-27,94.0,8.0
836,4.0,4.0,2005-05-03,2014-01-21,105.0,9.0
837,14.0,4.0,2005-05-03,2012-09-26,89.0,7.0
838,30.0,4.0,2005-05-03,2012-09-26,89.0,7.0
839,20.0,4.0,2005-05-03,2013-08-05,99.0,8.0
840,5.0,4.0,2005-05-03,2013-08-05,99.0,8.0
841,15.0,4.0,2005-05-03,2013-08-05,99.0,8.0
842,10.0,4.0,2005-05-03,2013-08-05,99.0,8.0
843,10.0,4.0,2005-05-03,2013-11-20,103.0,9.0
844,6.0,4.0,2005-05-03,2013-11-20,103.0,9.0
845,15.0,4.0,2005-05-03,2013-11-20,103.0,9.0
846,5.0,4.0,2005-05-03,2013-09-18,101.0,8.0
847,50.0,4.0,2005-05-03,2013-05-13,96.0,8.0
848,15.0,4.0,2005-05-03,2013-05-13,96.0,8.0
849,5.0,4.0,2005-05-03,2013-05-13,96.0,8.0
850,10.0,4.0,2005-05-03,2013-05-13,96.0,8.0
851,2.0,4.0,2005-05-03,2013-12-18,104.0,9.0
852,30.0,4.0,2005-05-03,2013-12-18,104.0,9.0
853,30.0,4.0,2005-05-03,2013-12-18,104.0,9.0
854,15.0,4.0,2005-05-03,2013-09-29,101.0,8.0
855,20.0,4.0,2005-05-03,2013-09-29,101.0,8.0
856,4.0,4.0,2005-05-03,2013-09-29,101.0,8.0
857,20.0,4.0,2005-05-03,2013-09-01,100.0,8.0
858,2.0,4.0,2005-05-03,2013-09-01,100.0,8.0
859,6.0,4.0,2005-05-03,2012-08-14,87.0,7.0
860,4.0,4.0,2005-05-03,2012-08-14,87.0,7.0
861,1.0,4.0,2005-05-03,2012-08-14,87.0,7.0
862,10.0,4.0,2005-05-03,2014-03-02,106.0,9.0
863,1.0,4.0,2005-05-03,2014-03-02,106.0,9.0
864,2.0,4.0,2005-05-03,2012-08-15,87.0,7.0
865,6.0,4.0,2005-05-03,2012-08-15,87.0,7.0
866,20.0,4.0,2005-05-03,2013-05-28,97.0,8.0
867,40.0,4.0,2005-05-03,2013-05-28,97.0,8.0
868,40.0,4.0,2005-05-03,2013-05-28,97.0,8.0
869,3.0,4.0,2005-05-03,2013-03-04,94.0,8.0
870,16.0,4.0,2005-05-03,2013-03-04,94.0,8.0
871,20.0,4.0,2005-05-03,2013-03-04,94.0,8.0
872,30.0,4.0,2005-05-03,2013-03-04,94.0,8.0
873,40.0,4.0,2005-05-03,2012-10-14,89.0,7.0
874,10.0,4.0,2005-05-03,2012-10-14,89.0,7.0
875,9.0,4.0,2005-05-03,2012-10-14,89.0,7.0
876,50.0,4.0,2005-05-03,2012-11-06,90.0,8.0
877,6.0,4.0,2005-05-03,2012-11-06,90.0,8.0
878,10.0,4.0,2005-05-03,2012-11-06,90.0,8.0
879,4.0,4.0,2005-05-03,2012-11-06,90.0,8.0
880,4.0,4.0,2005-05-03,2013-10-31,102.0,8.0
881,6.0,4.0,2005-05-03,2013-10-31,102.0,8.0
882,12.0,4.0,2005-05-03,2013-10-31,102.0,8.0
883,28.0,4.0,2005-05-03,2013-07-23,99.0,8.0
884,14.0,4.0,2005-05-03,2013-10-01,101.0,8.0
885,60.0,4.0,2005-05-03,2013-10-01,101.0,8.0
886,18.0,4.0,2005-05-03,2013-10-01,101.0,8.0
887,5.0,4.0,2005-05-03,2013-12-18,104.0,9.0
888,10.0,4.0,2005-05-03,2013-12-18,104.0,9.0
889,15.0,4.0,2005-05-03,2012-07-08,86.0,7.0
890,35.0,4.0,2005-05-03,2012-07-08,86.0,7.0
891,10.0,4.0,2005-05-03,2012-07-08,86.0,7.0
892,20.0,4.0,2005-05-03,2013-08-26,100.0,8.0
893,15.0,4.0,2005-05-03,2013-08-26,100.0,8.0
894,35.0,4.0,2005-05-03,2013-01-27,93.0,8.0
895,2.0,4.0,2005-05-03,2013-08-15,99.0,8.0
896,35.0,4.0,2005-05-03,2013-08-15,99.0,8.0
897,15.0,4.0,2005-05-03,2013-08-15,99.0,8.0
898,50.0,4.0,2005-05-03,2013-08-15,99.0,8.0
899,4.0,4.0,2005-05-03,2012-10-07,89.0,7.0
900,5.0,4.0,2005-05-03,2012-10-07,89.0,7.0
901,4.0,4.0,2005-05-03,2012-10-07,89.0,7.0
902,12.0,4.0,2005-05-03,2014-04-30,108.0,9.0
903,10.0,4.0,2005-05-03,2014-04-30,108.0,9.0
904,3.0,4.0,2005-05-03,2012-08-23,88.0,7.0
905,10.0,4.0,2005-05-03,2012-08-23,88.0,7.0
906,14.0,4.0,2005-05-03,2014-02-26,106.0,9.0
907,20.0,4.0,2005-05-03,2014-02-26,106.0,9.0
908,10.0,4.0,2005-05-03,2014-02-11,105.0,9.0
909,20.0,4.0,2005-05-03,2012-07-19,87.0,7.0
910,20.0,4.0,2005-05-03,2012-07-19,87.0,7.0
911,20.0,4.0,2005-05-03,2013-08-27,100.0,8.0
912,30.0,4.0,2005-05-03,2013-08-27,100.0,8.0
913,20.0,4.0,2005-05-03,2013-06-24,98.0,8.0
914,6.0,4.0,2005-05-03,2013-06-24,98.0,8.0
915,21.0,4.0,2005-05-03,2014-03-11,106.0,9.0
916,15.0,4.0,2005-05-03,2014-03-11,106.0,9.0
917,15.0,4.0,2005-05-03,2014-03-11,106.0,9.0
918,20.0,4.0,2005-05-03,2012-10-15,89.0,7.0
919,10.0,4.0,2005-05-03,2012-10-15,89.0,7.0
920,12.0,4.0,2005-05-03,2012-10-15,89.0,7.0
921,8.0,4.0,2005-05-03,2012-10-15,89.0,7.0
922,50.0,4.0,2005-05-03,2013-01-16,92.0,8.0
923,35.0,4.0,2005-05-03,2013-01-16,92.0,8.0
924,36.0,4.0,2005-05-03,2013-01-16,92.0,8.0
925,2.0,4.0,2005-05-03,2013-01-16,92.0,8.0
926,5.0,4.0,2005-05-03,2013-12-29,104.0,9.0
927,60.0,4.0,2005-05-03,2013-12-29,104.0,9.0
928,30.0,4.0,2005-05-03,2013-12-29,104.0,9.0
929,25.0,4.0,2005-05-03,2013-12-29,104.0,9.0
930,10.0,4.0,2005-05-03,2013-10-24,102.0,8.0
931,5.0,4.0,2005-05-03,2013-10-24,102.0,8.0
932,7.0,4.0,2005-05-03,2013-10-24,102.0,8.0
933,6.0,4.0,2005-05-03,2013-02-17,94.0,8.0
934,20.0,4.0,2005-05-03,2013-02-17,94.0,8.0
935,20.0,4.0,2005-05-03,2012-10-25,90.0,7.0
936,15.0,4.0,2005-05-03,2012-10-25,90.0,7.0
937,10.0,4.0,2005-05-03,2013-06-19,98.0,8.0
938,14.0,4.0,2005-05-03,2013-06-19,98.0,8.0
939,6.0,4.0,2005-05-03,2013-06-19,98.0,8.0
940,2.0,4.0,2005-05-03,2013-06-19,98.0,8.0
941,3.0,4.0,2005-05-03,2013-04-17,95.0,8.0
942,15.0,4.0,2005-05-03,2013-10-13,101.0,8.0
943,6.0,4.0,2005-05-03,2013-10-13,101.0,8.0
944,20.0,4.0,2005-05-03,2013-10-03,101.0,8.0
945,50.0,4.0,2005-05-03,2013-04-18,96.0,8.0
946,10.0,4.0,2005-05-03,2013-04-18,96.0,8.0
947,50.0,4.0,2005-05-03,2013-04-18,96.0,8.0
948,20.0,4.0,2005-05-03,2014-05-06,108.0,9.0
949,10.0,4.0,2005-05-03,2014-05-06,108.0,9.0
950,20.0,4.0,2005-05-03,2014-05-06,108.0,9.0
951,30.0,4.0,2005-05-03,2013-11-26,103.0,9.0
952,25.0,4.0,2005-05-03,2013-11-26,103.0,9.0
953,30.0,4.0,2005-05-03,2013-11-26,103.0,9.0
954,14.0,4.0,2005-05-03,2013-11-26,103.0,9.0
955,15.0,4.0,2005-05-03,2013-03-11,94.0,8.0
956,8.0,4.0,2005-05-03,2013-03-11,94.0,8.0
957,30.0,4.0,2005-05-03,2013-03-11,94.0,8.0
958,28.0,4.0,2005-05-03,2014-01-13,104.0,9.0
959,6.0,4.0,2005-05-03,2014-01-13,104.0,9.0
960,24.0,4.0,2005-05-03,2014-01-13,104.0,9.0
961,30.0,4.0,2005-05-03,2014-01-13,104.0,9.0
962,20.0,4.0,2005-05-03,2013-07-22,99.0,8.0
963,10.0,4.0,2005-05-03,2013-07-22,99.0,8.0
964,20.0,4.0,2005-05-03,2013-07-22,99.0,8.0
965,25.0,4.0,2005-05-03,2013-04-08,95.0,8.0
966,20.0,4.0,2005-05-03,2013-04-08,95.0,8.0
967,30.0,4.0,2005-05-03,2013-12-01,103.0,9.0
968,12.0,4.0,2005-05-03,2013-12-01,103.0,9.0
969,40.0,4.0,2005-05-03,2013-12-01,103.0,9.0
970,40.0,4.0,2005-05-03,2014-02-17,106.0,9.0
971,7.0,4.0,2005-05-03,2014-03-04,106.0,9.0
972,2.0,4.0,2005-05-03,2014-03-04,106.0,9.0
973,10.0,4.0,2005-05-03,2014-03-04,106.0,9.0
974,10.0,4.0,2005-05-03,2014-03-04,106.0,9.0
975,20.0,4.0,2005-05-03,2014-03-05,106.0,9.0
976,5.0,4.0,2005-05-03,2014-03-05,106.0,9.0
977,5.0,4.0,2005-05-03,2014-03-05,106.0,9.0
978,7.0,4.0,2005-05-03,2014-03-24,107.0,9.0
979,6.0,4.0,2005-05-03,2014-03-24,107.0,9.0
980,50.0,4.0,2005-05-03,2012-10-10,89.0,7.0
981,24.0,4.0,2005-05-03,2012-10-10,89.0,7.0
982,16.0,4.0,2005-05-03,2012-10-10,89.0,7.0
983,40.0,4.0,2005-05-03,2013-12-29,104.0,9.0
984,20.0,4.0,2005-05-03,2013-12-29,104.0,9.0
985,12.0,4.0,2005-05-03,2012-11-26,91.0,8.0
986,12.0,4.0,2005-05-03,2012-11-26,91.0,8.0
987,20.0,4.0,2005-05-03,2012-11-26,91.0,8.0
988,12.0,4.0,2005-05-03,2014-02-12,105.0,9.0
989,40.0,4.0,2005-05-03,2014-02-12,105.0,9.0
990,21.0,4.0,2005-05-03,2014-02-12,105.0,9.0
991,10.0,4.0,2005-05-03,2014-03-12,106.0,9.0
992,20.0,4.0,2005-05-03,2014-03-12,106.0,9.0
993,5.0,4.0,2005-05-03,2013-01-27,93.0,8.0
994,7.0,4.0,2005-05-03,2013-01-27,93.0,8.0
995,5.0,4.0,2005-05-03,2014-02-20,106.0,9.0
996,10.0,4.0,2005-05-03,2013-03-06,94.0,8.0
997,5.0,4.0,2005-05-03,2013-03-06,94.0,8.0
998,30.0,4.0,2005-05-03,2013-04-02,95.0,8.0
999,10.0,4.0,2005-05-03,2014-04-15,107.0,9.0
1000,8.0,4.0,2005-05-03,2014-04-15,107.0,9.0
1001,1.0,4.0,2005-05-03,2013-12-31,104.0,9.0
1002,4.0,4.0,2005-05-03,2013-07-16,98.0,8.0
1003,30.0,4.0,2005-05-03,2013-07-16,98.0,8.0
1004,10.0,4.0,2005-05-03,2012-07-18,87.0,7.0
1005,1.0,4.0,2005-05-03,2012-07-18,87.0,7.0
1006,11.0,3.0,2004-04-01,2014-04-14,120.0,10.0
1007,15.0,3.0,2004-04-01,2014-04-14,120.0,10.0
1008,63.0,3.0,2004-04-01,2014-04-14,120.0,10.0
1009,35.0,3.0,2004-04-01,2014-04-14,120.0,10.0
1010,44.0,3.0,2004-04-01,2014-04-14,120.0,10.0
1011,30.0,3.0,2004-04-01,2013-05-19,110.0,9.0
1012,60.0,3.0,2004-04-01,2013-05-19,110.0,9.0
1013,40.0,3.0,2004-04-01,2013-05-19,110.0,9.0
1014,35.0,3.0,2004-04-01,2013-05-19,110.0,9.0
1015,24.0,3.0,2004-04-01,2014-03-10,119.0,10.0
1016,49.0,3.0,2004-04-01,2014-03-10,119.0,10.0
1017,35.0,3.0,2004-04-01,2014-03-10,119.0,10.0
1018,20.0,3.0,2004-04-01,2014-03-10,119.0,10.0
1019,33.0,3.0,2004-04-01,2012-08-05,100.0,8.0
1020,15.0,3.0,2004-04-01,2012-08-05,100.0,8.0
1021,20.0,3.0,2004-04-01,2012-08-05,100.0,8.0
1022,24.0,3.0,2004-04-01,2012-08-05,100.0,8.0
1023,60.0,3.0,2004-04-01,2012-08-05,100.0,8.0
1024,80.0,3.0,2004-04-01,2013-12-04,116.0,10.0
1025,30.0,3.0,2004-04-01,2013-03-19,108.0,9.0
1026,60.0,3.0,2004-04-01,2013-03-19,108.0,9.0
1027,30.0,3.0,2004-04-01,2013-03-19,108.0,9.0
1028,28.0,3.0,2004-04-01,2013-03-19,108.0,9.0
1029,40.0,3.0,2004-04-01,2014-03-31,120.0,10.0
1030,60.0,3.0,2004-04-01,2014-03-31,120.0,10.0
1031,20.0,3.0,2004-04-01,2012-11-05,103.0,9.0
1032,36.0,3.0,2004-04-01,2012-11-05,103.0,9.0
1033,30.0,3.0,2004-04-01,2014-01-07,117.0,10.0
1034,10.0,3.0,2004-04-01,2013-09-09,113.0,9.0
1035,30.0,3.0,2004-04-01,2014-04-22,121.0,10.0
1036,30.0,3.0,2004-04-01,2014-04-22,121.0,10.0
1037,24.0,3.0,2004-04-01,2013-01-14,105.0,9.0
1038,14.0,3.0,2004-04-01,2013-01-14,105.0,9.0
1039,40.0,3.0,2004-04-01,2013-01-14,105.0,9.0
1040,28.0,3.0,2004-04-01,2013-02-03,106.0,9.0
1041,20.0,3.0,2004-04-01,2014-03-09,119.0,10.0
1042,25.0,3.0,2004-04-01,2013-07-08,111.0,9.0
1043,5.0,3.0,2004-04-01,2013-07-08,111.0,9.0
1044,15.0,3.0,2004-04-01,2013-05-14,109.0,9.0
1045,20.0,3.0,2004-04-01,2013-05-14,109.0,9.0
1046,30.0,3.0,2004-04-01,2013-05-14,109.0,9.0
1047,35.0,3.0,2004-04-01,2013-05-14,109.0,9.0
1048,25.0,3.0,2004-04-01,2013-12-10,116.0,10.0
1049,18.0,3.0,2004-04-01,2013-12-10,116.0,10.0
1050,12.0,3.0,2004-04-01,2012-07-26,100.0,8.0
1051,10.0,3.0,2004-04-01,2013-06-23,111.0,9.0
1052,21.0,3.0,2004-04-01,2013-06-23,111.0,9.0
1053,20.0,3.0,2004-04-01,2013-06-23,111.0,9.0
1054,42.0,3.0,2004-04-01,2013-08-04,112.0,9.0
1055,40.0,3.0,2004-04-01,2013-08-04,112.0,9.0
1056,16.0,3.0,2004-04-01,2012-10-17,103.0,9.0
1057,10.0,3.0,2004-04-01,2012-10-17,103.0,9.0
1058,40.0,3.0,2004-04-01,2012-10-17,103.0,9.0
1059,3.0,3.0,2004-04-01,2013-04-14,108.0,9.0
1060,15.0,3.0,2004-04-01,2013-06-17,111.0,9.0
1061,60.0,3.0,2004-04-01,2013-06-17,111.0,9.0
1062,24.0,3.0,2004-04-01,2013-02-05,106.0,9.0
1063,40.0,3.0,2004-04-01,2013-02-05,106.0,9.0
1064,30.0,3.0,2004-04-01,2013-02-05,106.0,9.0
1065,5.0,3.0,2004-04-01,2013-02-05,106.0,9.0
1066,35.0,3.0,2004-04-01,2013-02-18,107.0,9.0
1067,20.0,3.0,2004-04-01,2013-02-18,107.0,9.0
1068,14.0,3.0,2004-04-01,2013-02-18,107.0,9.0
1069,30.0,3.0,2004-04-01,2014-04-30,121.0,10.0
1070,40.0,3.0,2004-04-01,2014-04-30,121.0,10.0
1071,30.0,3.0,2004-04-01,2014-04-30,121.0,10.0
1072,20.0,3.0,2004-04-01,2012-09-19,102.0,8.0
1073,20.0,3.0,2004-04-01,2012-09-19,102.0,8.0
1074,30.0,3.0,2004-04-01,2012-09-19,102.0,8.0
1075,3.0,3.0,2004-04-01,2012-09-19,102.0,8.0
1076,2.0,3.0,2004-04-01,2012-09-19,102.0,8.0
1077,35.0,3.0,2004-04-01,2013-01-29,106.0,9.0
1078,40.0,3.0,2004-04-01,2013-01-29,106.0,9.0
1079,30.0,3.0,2004-04-01,2013-10-21,115.0,10.0
1080,3.0,3.0,2004-04-01,2013-10-21,115.0,10.0
1081,80.0,3.0,2004-04-01,2014-02-19,119.0,10.0
1082,36.0,3.0,2004-04-01,2014-02-19,119.0,10.0
1083,8.0,3.0,2004-04-01,2013-02-12,106.0,9.0
1084,15.0,3.0,2004-04-01,2013-02-12,106.0,9.0
1085,10.0,3.0,2004-04-01,2013-02-12,106.0,9.0
1086,30.0,3.0,2004-04-01,2013-02-12,106.0,9.0
1087,6.0,3.0,2004-04-01,2013-02-13,106.0,9.0
1088,15.0,3.0,2004-04-01,2013-02-13,106.0,9.0
1089,15.0,3.0,2004-04-01,2013-06-18,111.0,9.0
1090,12.0,3.0,2004-04-01,2013-06-18,111.0,9.0
1091,10.0,3.0,2004-04-01,2013-06-18,111.0,9.0
1092,50.0,3.0,2004-04-01,2013-06-18,111.0,9.0
1093,6.0,3.0,2004-04-01,2014-03-04,119.0,10.0
1094,30.0,3.0,2004-04-01,2014-03-04,119.0,10.0
1095,20.0,3.0,2004-04-01,2014-03-04,119.0,10.0
1096,28.0,3.0,2004-04-01,2012-12-16,105.0,9.0
1097,15.0,3.0,2004-04-01,2012-12-16,105.0,9.0
1098,10.0,3.0,2004-04-01,2013-12-16,117.0,10.0
1099,5.0,3.0,2004-04-01,2013-10-10,114.0,10.0
1100,12.0,3.0,2004-04-01,2013-10-10,114.0,10.0
1101,40.0,3.0,2004-04-01,2013-10-10,114.0,10.0
1102,60.0,3.0,2004-04-01,2013-10-10,114.0,10.0
1103,44.0,3.0,2004-04-01,2013-11-20,116.0,10.0
1104,28.0,3.0,2004-04-01,2013-11-20,116.0,10.0
1105,40.0,3.0,2004-04-01,2013-11-20,116.0,10.0
1106,4.0,3.0,2004-04-01,2014-01-19,118.0,10.0
1107,25.0,3.0,2004-04-01,2014-01-19,118.0,10.0
1108,50.0,3.0,2004-04-01,2014-01-19,118.0,10.0
1109,9.0,3.0,2004-04-01,2013-10-08,114.0,10.0
1110,30.0,3.0,2004-04-01,2013-10-08,114.0,10.0
1111,7.0,3.0,2004-04-01,2013-10-08,114.0,10.0
1112,30.0,3.0,2004-04-01,2013-10-08,114.0,10.0
1113,21.0,3.0,2004-04-01,2013-08-20,113.0,9.0
1114,60.0,3.0,2004-04-01,2013-08-20,113.0,9.0
1115,20.0,3.0,2004-04-01,2013-08-20,113.0,9.0
1116,6.0,3.0,2004-04-01,2013-04-24,109.0,9.0
1117,4.0,3.0,2004-04-01,2013-04-24,109.0,9.0
1118,6.0,3.0,2004-04-01,2013-04-24,109.0,9.0
1119,3.0,3.0,2004-04-01,2014-04-29,121.0,10.0
1120,10.0,3.0,2004-04-01,2014-03-19,120.0,10.0
1121,24.0,3.0,2004-04-01,2014-03-19,120.0,10.0
1122,10.0,3.0,2004-04-01,2013-12-25,117.0,10.0
1123,21.0,3.0,2004-04-01,2013-12-25,117.0,10.0
1124,24.0,3.0,2004-04-01,2013-12-25,117.0,10.0
1125,35.0,3.0,2004-04-01,2013-12-25,117.0,10.0
1126,24.0,3.0,2004-04-01,2013-05-23,110.0,9.0
1127,60.0,3.0,2004-04-01,2013-05-23,110.0,9.0
1128,20.0,3.0,2004-04-01,2013-08-25,113.0,9.0
1129,4.0,3.0,2004-04-01,2013-08-25,113.0,9.0
1130,21.0,3.0,2004-04-01,2013-08-25,113.0,9.0
1131,8.0,3.0,2004-04-01,2013-01-21,106.0,9.0
1132,20.0,3.0,2004-04-01,2013-01-21,106.0,9.0
1133,2.0,3.0,2004-04-01,2013-01-21,106.0,9.0
1134,20.0,3.0,2004-04-01,2013-01-21,106.0,9.0
1135,12.0,3.0,2004-04-01,2012-07-15,99.0,8.0
1136,15.0,3.0,2004-04-01,2012-07-15,99.0,8.0
1137,10.0,3.0,2004-04-01,2014-02-26,119.0,10.0
1138,15.0,3.0,2004-04-01,2014-02-26,119.0,10.0
1139,12.0,3.0,2004-04-01,2014-02-26,119.0,10.0
1140,9.0,3.0,2004-04-01,2014-03-13,119.0,10.0
1141,4.0,3.0,2004-04-01,2014-03-13,119.0,10.0
1142,40.0,3.0,2004-04-01,2014-03-13,119.0,10.0
1143,60.0,3.0,2004-04-01,2014-03-02,119.0,10.0
1144,25.0,3.0,2004-04-01,2014-03-02,119.0,10.0
1145,20.0,3.0,2004-04-01,2013-11-14,115.0,10.0
1146,50.0,3.0,2004-04-01,2013-11-14,115.0,10.0
1147,35.0,3.0,2004-04-01,2013-11-14,115.0,10.0
1148,60.0,3.0,2004-04-01,2013-04-01,108.0,9.0
1149,20.0,3.0,2004-04-01,2013-04-01,108.0,9.0
1150,49.0,3.0,2004-04-01,2013-01-10,105.0,9.0
1151,16.0,3.0,2004-04-01,2013-01-10,105.0,9.0
1152,4.0,3.0,2004-04-01,2014-04-06,120.0,10.0
1153,10.0,3.0,2004-04-01,2014-04-06,120.0,10.0
1154,10.0,3.0,2004-04-01,2014-04-06,120.0,10.0
1155,10.0,3.0,2004-04-01,2014-02-10,118.0,10.0
1156,10.0,3.0,2004-04-01,2014-02-10,118.0,10.0
1157,12.0,3.0,2004-04-01,2014-02-10,118.0,10.0
1158,8.0,3.0,2004-04-01,2014-04-07,120.0,10.0
1159,2.0,3.0,2004-04-01,2014-04-07,120.0,10.0
1160,30.0,3.0,2004-04-01,2013-09-25,114.0,9.0
1161,12.0,3.0,2004-04-01,2013-09-25,114.0,9.0
1162,28.0,3.0,2004-04-01,2013-09-25,114.0,9.0
1163,30.0,3.0,2004-04-01,2014-03-09,119.0,10.0
1164,40.0,3.0,2004-04-01,2013-11-28,116.0,10.0
1165,20.0,3.0,2004-04-01,2013-11-28,116.0,10.0
1166,60.0,3.0,2004-04-01,2013-11-28,116.0,10.0
1167,12.0,3.0,2004-04-01,2013-11-24,116.0,10.0
1168,20.0,3.0,2004-04-01,2013-11-24,116.0,10.0
1169,30.0,3.0,2004-04-01,2013-11-24,116.0,10.0
1170,15.0,3.0,2004-04-01,2013-11-24,116.0,10.0
1171,110.0,3.0,2004-04-01,2014-02-18,119.0,10.0
1172,45.0,3.0,2004-04-01,2014-02-18,119.0,10.0
1173,100.0,3.0,2004-04-01,2014-02-18,119.0,10.0
1174,91.0,3.0,2004-04-01,2014-02-18,119.0,10.0
1175,50.0,3.0,2004-04-01,2013-04-22,109.0,9.0
1176,39.0,3.0,2004-04-01,2013-04-22,109.0,9.0
1177,39.0,3.0,2004-04-01,2013-04-22,109.0,9.0
1178,70.0,3.0,2004-04-01,2013-04-22,109.0,9.0
1179,35.0,3.0,2004-04-01,2013-04-22,109.0,9.0
1180,60.0,3.0,2004-04-01,2013-02-11,106.0,9.0
1181,30.0,3.0,2004-04-01,2013-02-11,106.0,9.0
1182,80.0,3.0,2004-04-01,2013-02-11,106.0,9.0
1183,100.0,3.0,2004-04-01,2014-01-27,118.0,10.0
1184,65.0,3.0,2004-04-01,2014-01-27,118.0,10.0
1185,16.0,3.0,2004-04-01,2013-12-02,116.0,10.0
1186,30.0,3.0,2004-04-01,2013-12-02,116.0,10.0
1187,60.0,3.0,2004-04-01,2013-12-02,116.0,10.0
1188,28.0,3.0,2004-04-01,2013-12-02,116.0,10.0
1189,18.0,3.0,2004-04-01,2013-02-03,106.0,9.0
1190,6.0,3.0,2004-04-01,2013-02-03,106.0,9.0
1191,15.0,3.0,2004-04-01,2013-10-30,115.0,10.0
1192,35.0,3.0,2004-04-01,2014-02-24,119.0,10.0
1193,15.0,3.0,2004-04-01,2014-02-24,119.0,10.0
1194,30.0,3.0,2004-04-01,2013-10-06,114.0,10.0
1195,6.0,3.0,2004-04-01,2013-10-06,114.0,10.0
1196,60.0,3.0,2004-04-01,2013-10-06,114.0,10.0
1197,15.0,3.0,2004-04-01,2013-10-06,114.0,10.0
1198,50.0,3.0,2004-04-01,2013-12-08,116.0,10.0
1199,15.0,3.0,2004-04-01,2013-12-08,116.0,10.0
1200,12.0,3.0,2004-04-01,2013-12-08,116.0,10.0
1201,4.0,3.0,2004-04-01,2013-12-08,116.0,10.0
1202,8.0,3.0,2004-04-01,2013-12-24,117.0,10.0
1203,14.0,3.0,2004-04-01,2013-12-24,117.0,10.0
1204,40.0,3.0,2004-04-01,2013-09-26,114.0,9.0
1205,30.0,3.0,2004-04-01,2013-09-26,114.0,9.0
1206,20.0,3.0,2004-04-01,2013-09-26,114.0,9.0
1207,20.0,3.0,2004-04-01,2013-12-31,117.0,10.0
1208,2.0,3.0,2004-04-01,2013-12-31,117.0,10.0
1209,15.0,3.0,2004-04-01,2013-12-31,117.0,10.0
1210,20.0,3.0,2004-04-01,2014-01-05,117.0,10.0
1211,30.0,3.0,2004-04-01,2014-01-05,117.0,10.0
1212,8.0,3.0,2004-04-01,2014-01-05,117.0,10.0
1213,20.0,3.0,2004-04-01,2014-01-05,117.0,10.0
1214,20.0,3.0,2004-04-01,2012-07-08,99.0,8.0
1215,6.0,3.0,2004-04-01,2012-07-08,99.0,8.0
1216,15.0,3.0,2004-04-01,2012-07-08,99.0,8.0
1217,10.0,3.0,2004-04-01,2012-10-03,102.0,9.0
1218,20.0,3.0,2004-04-01,2014-01-28,118.0,10.0
1219,20.0,3.0,2004-04-01,2014-01-28,118.0,10.0
1220,30.0,3.0,2004-04-01,2013-09-25,114.0,9.0
1221,4.0,3.0,2004-04-01,2013-09-25,114.0,9.0
1222,30.0,3.0,2004-04-01,2013-09-25,114.0,9.0
1223,24.0,3.0,2004-04-01,2012-11-27,104.0,9.0
1224,10.0,3.0,2004-04-01,2014-04-24,121.0,10.0
1225,4.0,3.0,2004-04-01,2014-04-24,121.0,10.0
1226,10.0,3.0,2004-04-01,2012-11-12,103.0,9.0
1227,20.0,3.0,2004-04-01,2012-11-12,103.0,9.0
1228,50.0,3.0,2004-04-01,2013-06-26,111.0,9.0
1229,8.0,3.0,2004-04-01,2014-01-14,117.0,10.0
1230,8.0,3.0,2004-04-01,2014-01-14,117.0,10.0
1231,9.0,3.0,2004-04-01,2014-01-14,117.0,10.0
1232,2.0,3.0,2004-04-01,2014-01-14,117.0,10.0
1233,20.0,3.0,2004-04-01,2013-02-06,106.0,9.0
1234,15.0,3.0,2004-04-01,2013-02-06,106.0,9.0
1235,15.0,3.0,2004-04-01,2013-02-06,106.0,9.0
1236,10.0,3.0,2004-04-01,2013-05-26,110.0,9.0
1237,14.0,3.0,2004-04-01,2013-05-26,110.0,9.0
1238,20.0,3.0,2004-04-01,2013-12-08,116.0,10.0
1239,15.0,3.0,2004-04-01,2013-12-08,116.0,10.0
1240,15.0,3.0,2004-04-01,2013-12-08,116.0,10.0
1241,30.0,3.0,2004-04-01,2013-12-08,116.0,10.0
1242,42.0,3.0,2004-04-01,2012-07-10,99.0,8.0
1243,40.0,3.0,2004-04-01,2012-07-10,99.0,8.0
1244,20.0,3.0,2004-04-01,2012-07-10,99.0,8.0
1245,30.0,3.0,2004-04-01,2014-04-27,121.0,10.0
1246,10.0,3.0,2004-04-01,2014-04-27,121.0,10.0
1247,21.0,3.0,2004-04-01,2014-02-24,119.0,10.0
1248,20.0,3.0,2004-04-01,2014-02-24,119.0,10.0
1249,40.0,3.0,2004-04-01,2014-02-24,119.0,10.0
1250,12.0,3.0,2004-04-01,2014-03-04,119.0,10.0
1251,25.0,3.0,2004-04-01,2014-03-04,119.0,10.0
1252,25.0,3.0,2004-04-01,2013-05-08,109.0,9.0
1253,50.0,3.0,2004-04-01,2013-05-08,109.0,9.0
1254,20.0,3.0,2004-04-01,2013-05-08,109.0,9.0
1255,40.0,3.0,2004-04-01,2013-05-08,109.0,9.0
1256,5.0,3.0,2004-04-01,2013-04-03,108.0,9.0
1257,10.0,3.0,2004-04-01,2013-04-03,108.0,9.0
1258,20.0,3.0,2004-04-01,2013-04-03,108.0,9.0
1259,20.0,3.0,2004-04-01,2013-12-03,116.0,10.0
1260,40.0,3.0,2004-04-01,2013-12-03,116.0,10.0
1261,6.0,3.0,2004-04-01,2013-12-03,116.0,10.0
1262,30.0,3.0,2004-04-01,2014-01-06,117.0,10.0
1263,40.0,3.0,2004-04-01,2014-01-06,117.0,10.0
1264,25.0,3.0,2004-04-01,2014-01-06,117.0,10.0
1265,60.0,3.0,2004-04-01,2014-01-06,117.0,10.0
1266,15.0,3.0,2004-04-01,2013-03-07,107.0,9.0
1267,8.0,3.0,2004-04-01,2013-03-07,107.0,9.0
1268,14.0,3.0,2004-04-01,2013-03-24,108.0,9.0
1269,3.0,3.0,2004-04-01,2013-03-24,108.0,9.0
1270,10.0,3.0,2004-04-01,2013-03-24,108.0,9.0
1271,4.0,3.0,2004-04-01,2014-03-13,119.0,10.0
1272,10.0,3.0,2004-04-01,2014-03-25,120.0,10.0
1273,10.0,3.0,2004-04-01,2013-01-31,106.0,9.0
1274,40.0,3.0,2004-04-01,2013-01-31,106.0,9.0
1275,5.0,3.0,2004-04-01,2014-03-20,120.0,10.0
1276,10.0,3.0,2004-04-01,2014-03-20,120.0,10.0
1277,6.0,3.0,2004-04-01,2014-03-20,120.0,10.0
1278,15.0,3.0,2004-04-01,2014-01-27,118.0,10.0
1279,50.0,3.0,2004-04-01,2014-01-27,118.0,10.0
1280,14.0,3.0,2004-04-01,2014-01-27,118.0,10.0
1281,24.0,3.0,2004-04-01,2014-01-27,118.0,10.0
1282,50.0,3.0,2004-04-01,2013-02-10,106.0,9.0
1283,24.0,3.0,2004-04-01,2013-07-09,111.0,9.0
1284,30.0,3.0,2004-04-01,2013-07-09,111.0,9.0
1285,14.0,3.0,2004-04-01,2013-06-27,111.0,9.0
1286,4.0,3.0,2004-04-01,2013-06-27,111.0,9.0
1287,20.0,3.0,2004-04-01,2014-04-09,120.0,10.0
1288,40.0,3.0,2004-04-01,2014-04-09,120.0,10.0
1289,20.0,3.0,2004-04-01,2013-11-06,115.0,10.0
1290,50.0,3.0,2004-04-01,2012-11-25,104.0,9.0
1291,24.0,3.0,2004-04-01,2012-11-25,104.0,9.0
1292,20.0,3.0,2004-04-01,2012-11-25,104.0,9.0
1293,30.0,3.0,2004-04-01,2013-10-23,115.0,10.0
1294,21.0,3.0,2004-04-01,2013-10-23,115.0,10.0
1295,15.0,3.0,2004-04-01,2014-01-19,118.0,10.0
1296,30.0,3.0,2004-04-01,2014-01-19,118.0,10.0
1297,20.0,3.0,2004-04-01,2012-08-16,101.0,8.0
1298,18.0,3.0,2004-04-01,2012-08-16,101.0,8.0
1299,35.0,3.0,2004-04-01,2012-08-16,101.0,8.0
1300,3.0,3.0,2004-04-01,2012-08-16,101.0,8.0
1301,50.0,3.0,2004-04-01,2012-10-16,103.0,9.0
1302,25.0,3.0,2004-04-01,2012-10-16,103.0,9.0
1303,14.0,3.0,2004-04-01,2012-12-12,104.0,9.0
1304,6.0,3.0,2004-04-01,2014-04-07,120.0,10.0
1305,6.0,3.0,2004-04-01,2014-04-07,120.0,10.0
1306,10.0,3.0,2004-04-01,2013-11-28,116.0,10.0
1307,10.0,3.0,2004-04-01,2013-08-08,112.0,9.0
1308,5.0,3.0,2004-04-01,2013-08-08,112.0,9.0
1309,3.0,3.0,2004-04-01,2013-08-08,112.0,9.0
1310,18.0,3.0,2004-04-01,2012-12-23,105.0,9.0
1311,20.0,3.0,2004-04-01,2013-12-16,117.0,10.0
1312,20.0,3.0,2004-04-01,2013-12-16,117.0,10.0
1313,12.0,3.0,2004-04-01,2013-10-09,114.0,10.0
1314,20.0,3.0,2004-04-01,2014-01-29,118.0,10.0
1315,3.0,3.0,2004-04-01,2014-01-29,118.0,10.0
1316,5.0,3.0,2004-04-01,2013-06-13,110.0,9.0
1317,12.0,3.0,2004-04-01,2013-01-09,105.0,9.0
1318,12.0,3.0,2004-04-01,2013-01-09,105.0,9.0
1319,5.0,3.0,2004-04-01,2013-11-25,116.0,10.0
1320,4.0,3.0,2004-04-01,2013-11-25,116.0,10.0
1321,20.0,3.0,2004-04-01,2013-01-15,105.0,9.0
1322,2.0,3.0,2004-04-01,2013-01-15,105.0,9.0
1323,10.0,3.0,2004-04-01,2012-12-06,104.0,9.0
1324,15.0,3.0,2004-04-01,2012-12-06,104.0,9.0
1325,18.0,3.0,2004-04-01,2013-11-12,115.0,10.0
1326,6.0,3.0,2004-04-01,2013-11-12,115.0,10.0
1327,100.0,8.0,2006-03-05,2012-08-21,78.0,6.0
1328,40.0,8.0,2006-03-05,2012-08-21,78.0,6.0
1329,25.0,8.0,2006-03-05,2014-01-21,95.0,8.0
1330,70.0,8.0,2006-03-05,2014-01-21,95.0,8.0
1331,42.0,8.0,2006-03-05,2014-01-21,95.0,8.0
1332,48.0,8.0,2006-03-05,2014-01-21,95.0,8.0
1333,60.0,8.0,2006-03-05,2014-01-21,95.0,8.0
1334,50.0,8.0,2006-03-05,2013-10-06,91.0,8.0
1335,25.0,8.0,2006-03-05,2013-10-06,91.0,8.0
1336,90.0,8.0,2006-03-05,2013-10-06,91.0,8.0
1337,44.0,8.0,2006-03-05,2014-03-19,96.0,8.0
1338,9.0,8.0,2006-03-05,2014-03-19,96.0,8.0
1339,20.0,8.0,2006-03-05,2014-03-19,96.0,8.0
1340,45.0,8.0,2006-03-05,2014-03-19,96.0,8.0
1341,77.0,8.0,2006-03-05,2014-03-19,96.0,8.0
1342,15.0,8.0,2006-03-05,2014-01-26,95.0,8.0
1343,50.0,8.0,2006-03-05,2014-01-26,95.0,8.0
1344,6.0,8.0,2006-03-05,2014-01-26,95.0,8.0
1345,12.0,8.0,2006-03-05,2012-07-22,77.0,6.0
1346,2.0,8.0,2006-03-05,2012-07-22,77.0,6.0
1347,15.0,8.0,2006-03-05,2012-07-22,77.0,6.0
1348,8.0,8.0,2006-03-05,2014-02-12,95.0,8.0
1349,30.0,8.0,2006-03-05,2013-08-14,89.0,7.0
1350,20.0,8.0,2006-03-05,2013-08-14,89.0,7.0
1351,18.0,8.0,2006-03-05,2014-04-23,98.0,8.0
1352,20.0,8.0,2006-03-05,2014-04-23,98.0,8.0
1353,15.0,8.0,2006-03-05,2014-04-23,98.0,8.0
1354,12.0,8.0,2006-03-05,2013-09-01,90.0,7.0
1355,20.0,8.0,2006-03-05,2013-09-01,90.0,7.0
1356,20.0,8.0,2006-03-05,2012-09-09,78.0,7.0
1357,10.0,8.0,2006-03-05,2012-09-09,78.0,7.0
1358,12.0,8.0,2006-03-05,2012-11-14,80.0,7.0
1359,4.0,8.0,2006-03-05,2012-11-14,80.0,7.0
1360,36.0,8.0,2006-03-05,2014-05-04,98.0,8.0
1361,28.0,8.0,2006-03-05,2014-05-04,98.0,8.0
1362,8.0,8.0,2006-03-05,2014-05-04,98.0,8.0
1363,42.0,8.0,2006-03-05,2013-12-19,94.0,8.0
1364,30.0,8.0,2006-03-05,2013-12-19,94.0,8.0
1365,15.0,8.0,2006-03-05,2013-12-19,94.0,8.0
1366,60.0,8.0,2006-03-05,2014-03-19,96.0,8.0
1367,6.0,8.0,2006-03-05,2014-03-19,96.0,8.0
1368,8.0,8.0,2006-03-05,2013-08-14,89.0,7.0
1369,21.0,8.0,2006-03-05,2013-07-25,89.0,7.0
1370,30.0,8.0,2006-03-05,2014-04-08,97.0,8.0
1371,14.0,8.0,2006-03-05,2014-04-08,97.0,8.0
1372,10.0,8.0,2006-03-05,2014-04-08,97.0,8.0
1373,25.0,8.0,2006-03-05,2014-01-30,95.0,8.0
1374,8.0,8.0,2006-03-05,2014-01-30,95.0,8.0
1375,15.0,8.0,2006-03-05,2012-08-13,77.0,6.0
1376,10.0,8.0,2006-03-05,2013-05-12,86.0,7.0
1377,10.0,8.0,2006-03-05,2013-05-12,86.0,7.0
1378,10.0,8.0,2006-03-05,2013-05-12,86.0,7.0
1379,20.0,8.0,2006-03-05,2013-02-24,84.0,7.0
1380,25.0,8.0,2006-03-05,2013-02-24,84.0,7.0
1381,30.0,8.0,2006-03-05,2013-02-24,84.0,7.0
1382,50.0,8.0,2006-03-05,2013-02-24,84.0,7.0
1383,20.0,8.0,2006-03-05,2013-01-16,82.0,7.0
1384,20.0,8.0,2006-03-05,2013-01-16,82.0,7.0
1385,10.0,8.0,2006-03-05,2013-01-16,82.0,7.0
1386,15.0,8.0,2006-03-05,2013-02-05,83.0,7.0
1387,20.0,8.0,2006-03-05,2013-01-13,82.0,7.0
1388,15.0,8.0,2006-03-05,2012-08-08,77.0,6.0
1389,10.0,8.0,2006-03-05,2012-08-08,77.0,6.0
1390,25.0,8.0,2006-03-05,2013-06-11,87.0,7.0
1391,18.0,8.0,2006-03-05,2013-06-11,87.0,7.0
1392,5.0,8.0,2006-03-05,2013-10-30,92.0,8.0
1393,16.0,8.0,2006-03-05,2013-10-30,92.0,8.0
1394,12.0,8.0,2006-03-05,2014-04-03,97.0,8.0
1395,30.0,8.0,2006-03-05,2014-04-03,97.0,8.0
1396,7.0,8.0,2006-03-05,2014-04-03,97.0,8.0
1397,20.0,8.0,2006-03-05,2014-04-03,97.0,8.0
1398,12.0,8.0,2006-03-05,2013-09-23,91.0,8.0
1399,30.0,8.0,2006-03-05,2012-12-12,81.0,7.0
1400,6.0,8.0,2006-03-05,2012-12-12,81.0,7.0
1401,20.0,8.0,2006-03-05,2012-12-12,81.0,7.0
1402,18.0,8.0,2006-03-05,2012-12-12,81.0,7.0
1403,30.0,8.0,2006-03-05,2014-01-28,95.0,8.0
1404,35.0,8.0,2006-03-05,2014-01-28,95.0,8.0
1405,10.0,8.0,2006-03-05,2014-01-28,95.0,8.0
1406,16.0,8.0,2006-03-05,2012-08-12,77.0,6.0
1407,8.0,8.0,2006-03-05,2012-08-12,77.0,6.0
1408,15.0,8.0,2006-03-05,2012-08-12,77.0,6.0
1409,25.0,8.0,2006-03-05,2012-08-12,77.0,6.0
1410,3.0,8.0,2006-03-05,2013-10-29,92.0,8.0
1411,42.0,8.0,2006-03-05,2013-10-29,92.0,8.0
1412,45.0,8.0,2006-03-05,2013-10-29,92.0,8.0
1413,50.0,8.0,2006-03-05,2013-10-29,92.0,8.0
1414,100.0,8.0,2006-03-05,2013-02-20,84.0,7.0
1415,15.0,8.0,2006-03-05,2013-02-20,84.0,7.0
1416,25.0,8.0,2006-03-05,2013-07-18,88.0,7.0
1417,48.0,8.0,2006-03-05,2013-07-18,88.0,7.0
1418,15.0,8.0,2006-03-05,2013-08-11,89.0,7.0
1419,35.0,8.0,2006-03-05,2013-08-11,89.0,7.0
1420,50.0,8.0,2006-03-05,2013-11-04,92.0,8.0
1421,30.0,8.0,2006-03-05,2013-11-04,92.0,8.0
1422,40.0,8.0,2006-03-05,2013-11-04,92.0,8.0
1423,15.0,8.0,2006-03-05,2014-01-02,94.0,8.0
1424,18.0,8.0,2006-03-05,2014-01-02,94.0,8.0
1425,30.0,8.0,2006-03-05,2014-01-02,94.0,8.0
1426,14.0,8.0,2006-03-05,2013-04-07,85.0,7.0
1427,30.0,8.0,2006-03-05,2013-04-07,85.0,7.0
1428,5.0,8.0,2006-03-05,2013-04-07,85.0,7.0
1429,40.0,8.0,2006-03-05,2014-03-18,96.0,8.0
1430,8.0,8.0,2006-03-05,2014-03-18,96.0,8.0
1431,30.0,8.0,2006-03-05,2014-03-18,96.0,8.0
1432,12.0,8.0,2006-03-05,2013-03-17,84.0,7.0
1433,2.0,8.0,2006-03-05,2013-03-17,84.0,7.0
1434,80.0,8.0,2006-03-05,2013-03-12,84.0,7.0
1435,18.0,8.0,2006-03-05,2013-03-12,84.0,7.0
1436,4.0,8.0,2006-03-05,2013-07-04,88.0,7.0
1437,6.0,8.0,2006-03-05,2014-03-31,97.0,8.0
1438,20.0,8.0,2006-03-05,2014-03-31,97.0,8.0
1439,60.0,8.0,2006-03-05,2014-03-31,97.0,8.0
1440,50.0,8.0,2006-03-05,2014-04-28,98.0,8.0
1441,35.0,8.0,2006-03-05,2014-04-28,98.0,8.0
1442,40.0,8.0,2006-03-05,2014-04-28,98.0,8.0
1443,10.0,8.0,2006-03-05,2014-05-06,98.0,8.0
1444,2.0,8.0,2006-03-05,2014-05-06,98.0,8.0
1445,30.0,8.0,2006-03-05,2014-05-06,98.0,8.0
1446,80.0,8.0,2006-03-05,2014-03-26,97.0,8.0
1447,35.0,8.0,2006-03-05,2014-03-26,97.0,8.0
1448,30.0,8.0,2006-03-05,2014-03-26,97.0,8.0
1449,20.0,8.0,2006-03-05,2014-03-26,97.0,8.0
1450,24.0,8.0,2006-03-05,2014-03-26,97.0,8.0
1451,18.0,8.0,2006-03-05,2014-03-26,97.0,8.0
1452,65.0,8.0,2006-03-05,2013-01-02,82.0,7.0
1453,60.0,8.0,2006-03-05,2013-01-02,82.0,7.0
1454,65.0,8.0,2006-03-05,2013-12-24,94.0,8.0
1455,35.0,8.0,2006-03-05,2013-12-24,94.0,8.0
1456,28.0,8.0,2006-03-05,2013-06-17,87.0,7.0
1457,11.0,8.0,2006-03-05,2013-06-17,87.0,7.0
1458,30.0,8.0,2006-03-05,2014-03-26,97.0,8.0
1459,20.0,8.0,2006-03-05,2014-03-26,97.0,8.0
1460,30.0,8.0,2006-03-05,2014-03-26,97.0,8.0
1461,10.0,8.0,2006-03-05,2014-03-26,97.0,8.0
1462,9.0,8.0,2006-03-05,2014-01-09,94.0,8.0
1463,12.0,8.0,2006-03-05,2014-01-09,94.0,8.0
1464,4.0,8.0,2006-03-05,2013-02-28,84.0,7.0
1465,21.0,8.0,2006-03-05,2013-02-28,84.0,7.0
1466,12.0,8.0,2006-03-05,2014-03-17,96.0,8.0
1467,50.0,8.0,2006-03-05,2014-04-27,98.0,8.0
1468,50.0,8.0,2006-03-05,2013-05-12,86.0,7.0
1469,24.0,8.0,2006-03-05,2013-05-12,86.0,7.0
1470,24.0,8.0,2006-03-05,2013-05-12,86.0,7.0
1471,3.0,8.0,2006-03-05,2013-08-07,89.0,7.0
1472,30.0,8.0,2006-03-05,2013-08-07,89.0,7.0
1473,15.0,8.0,2006-03-05,2013-08-07,89.0,7.0
1474,25.0,8.0,2006-03-05,2013-08-07,89.0,7.0
1475,21.0,8.0,2006-03-05,2013-08-07,89.0,7.0
1476,15.0,8.0,2006-03-05,2013-06-06,87.0,7.0
1477,20.0,8.0,2006-03-05,2013-06-06,87.0,7.0
1478,30.0,8.0,2006-03-05,2013-03-27,85.0,7.0
1479,20.0,8.0,2006-03-05,2013-03-27,85.0,7.0
1480,10.0,8.0,2006-03-05,2013-02-04,83.0,7.0
1481,10.0,8.0,2006-03-05,2013-02-04,83.0,7.0
1482,12.0,8.0,2006-03-05,2013-02-04,83.0,7.0
1483,30.0,8.0,2006-03-05,2013-07-11,88.0,7.0
1484,24.0,8.0,2006-03-05,2013-07-11,88.0,7.0
1485,5.0,8.0,2006-03-05,2013-07-11,88.0,7.0
1486,20.0,8.0,2006-03-05,2013-10-08,91.0,8.0
1487,18.0,8.0,2006-03-05,2013-10-08,91.0,8.0
1488,20.0,8.0,2006-03-05,2012-08-22,78.0,6.0
1489,40.0,8.0,2006-03-05,2012-08-22,78.0,6.0
1490,15.0,8.0,2006-03-05,2012-08-22,78.0,6.0
1491,24.0,8.0,2006-03-05,2013-03-20,85.0,7.0
1492,40.0,8.0,2006-03-05,2013-03-20,85.0,7.0
1493,15.0,8.0,2006-03-05,2012-12-16,81.0,7.0
1494,20.0,8.0,2006-03-05,2012-12-16,81.0,7.0
1495,20.0,8.0,2006-03-05,2012-12-16,81.0,7.0
1496,10.0,8.0,2006-03-05,2012-10-21,80.0,7.0
1497,8.0,8.0,2006-03-05,2012-10-21,80.0,7.0
1498,6.0,8.0,2006-03-05,2013-02-19,84.0,7.0
1499,20.0,8.0,2006-03-05,2013-02-19,84.0,7.0
1500,6.0,8.0,2006-03-05,2012-10-01,79.0,7.0
1501,20.0,8.0,2006-03-05,2012-10-01,79.0,7.0
1502,28.0,8.0,2006-03-05,2013-03-06,84.0,7.0
1503,12.0,8.0,2006-03-05,2013-03-06,84.0,7.0
1504,10.0,8.0,2006-03-05,2013-08-18,89.0,7.0
1505,15.0,8.0,2006-03-05,2013-08-18,89.0,7.0
1506,40.0,8.0,2006-03-05,2013-08-18,89.0,7.0
1507,15.0,8.0,2006-03-05,2013-03-31,85.0,7.0
1508,7.0,8.0,2006-03-05,2013-03-31,85.0,7.0
1509,35.0,8.0,2006-03-05,2012-12-31,82.0,7.0
1510,14.0,8.0,2006-03-05,2012-12-31,82.0,7.0
1511,60.0,8.0,2006-03-05,2012-12-31,82.0,7.0
1512,30.0,8.0,2006-03-05,2012-12-31,82.0,7.0
1513,5.0,8.0,2006-03-05,2013-07-17,88.0,7.0
1514,15.0,8.0,2006-03-05,2013-12-09,93.0,8.0
1515,35.0,8.0,2006-03-05,2014-01-21,95.0,8.0
1516,35.0,8.0,2006-03-05,2013-01-08,82.0,7.0
1517,6.0,8.0,2006-03-05,2013-01-08,82.0,7.0
1518,10.0,8.0,2006-03-05,2013-01-08,82.0,7.0
1519,40.0,8.0,2006-03-05,2013-02-25,84.0,7.0
1520,21.0,8.0,2006-03-05,2013-02-25,84.0,7.0
1521,6.0,8.0,2006-03-05,2013-02-12,83.0,7.0
1522,12.0,8.0,2006-03-05,2013-02-12,83.0,7.0
1523,10.0,8.0,2006-03-05,2012-09-20,79.0,7.0
1524,5.0,8.0,2006-03-05,2012-09-20,79.0,7.0
1525,3.0,8.0,2006-03-05,2013-04-29,86.0,7.0
1526,6.0,8.0,2006-03-05,2013-04-29,86.0,7.0
1527,10.0,8.0,2006-03-05,2013-04-29,86.0,7.0
1528,20.0,8.0,2006-03-05,2014-04-28,98.0,8.0
1529,10.0,8.0,2006-03-05,2014-04-28,98.0,8.0
1530,21.0,8.0,2006-03-05,2013-10-28,92.0,8.0
1531,8.0,8.0,2006-03-05,2013-10-28,92.0,8.0
1532,10.0,8.0,2006-03-05,2013-01-21,83.0,7.0
1533,4.0,8.0,2006-03-05,2013-01-21,83.0,7.0
1534,30.0,8.0,2006-03-05,2013-01-21,83.0,7.0
1535,15.0,8.0,2006-03-05,2013-01-21,83.0,7.0
1536,6.0,8.0,2006-03-05,2013-11-27,93.0,8.0
1537,20.0,8.0,2006-03-05,2013-11-27,93.0,8.0
1538,21.0,8.0,2006-03-05,2013-11-27,93.0,8.0
1539,20.0,8.0,2006-03-05,2013-11-27,93.0,8.0
1540,18.0,8.0,2006-03-05,2012-12-02,81.0,7.0
1541,20.0,8.0,2006-03-05,2012-12-02,81.0,7.0
1542,30.0,8.0,2006-03-05,2012-09-13,78.0,7.0
1543,25.0,8.0,2006-03-05,2012-09-13,78.0,7.0
1544,25.0,8.0,2006-03-05,2012-09-13,78.0,7.0
1545,24.0,8.0,2006-03-05,2013-10-16,91.0,8.0
1546,20.0,8.0,2006-03-05,2013-10-16,91.0,8.0
1547,8.0,8.0,2006-03-05,2013-10-16,91.0,8.0
1548,12.0,8.0,2006-03-05,2014-04-20,98.0,8.0
1549,6.0,8.0,2006-03-05,2014-04-20,98.0,8.0
1550,15.0,8.0,2006-03-05,2014-04-20,98.0,8.0
1551,5.0,8.0,2006-03-05,2013-07-29,89.0,7.0
1552,8.0,8.0,2006-03-05,2013-07-29,89.0,7.0
1553,14.0,8.0,2006-03-05,2013-07-29,89.0,7.0
1554,20.0,8.0,2006-03-05,2014-03-06,96.0,8.0
1555,30.0,8.0,2006-03-05,2014-03-06,96.0,8.0
1556,14.0,8.0,2006-03-05,2014-03-06,96.0,8.0
1557,16.0,8.0,2006-03-05,2014-03-06,96.0,8.0
1558,8.0,8.0,2006-03-05,2014-03-11,96.0,8.0
1559,20.0,8.0,2006-03-05,2014-03-11,96.0,8.0
1560,30.0,8.0,2006-03-05,2013-05-21,87.0,7.0
1561,70.0,8.0,2006-03-05,2013-05-21,87.0,7.0
1562,50.0,8.0,2006-03-05,2014-04-03,97.0,8.0
1563,20.0,8.0,2006-03-05,2014-04-03,97.0,8.0
1564,20.0,8.0,2006-03-05,2014-04-03,97.0,8.0
1565,20.0,8.0,2006-03-05,2014-05-01,98.0,8.0
1566,4.0,8.0,2006-03-05,2014-05-01,98.0,8.0
1567,30.0,8.0,2006-03-05,2014-04-20,98.0,8.0
1568,7.0,8.0,2006-03-05,2014-04-20,98.0,8.0
1569,40.0,8.0,2006-03-05,2013-10-27,92.0,8.0
1570,12.0,8.0,2006-03-05,2013-10-27,92.0,8.0
1571,3.0,8.0,2006-03-05,2013-10-27,92.0,8.0
1572,4.0,8.0,2006-03-05,2012-07-30,77.0,6.0
1573,10.0,8.0,2006-03-05,2012-07-30,77.0,6.0
1574,5.0,8.0,2006-03-05,2012-11-28,81.0,7.0
1575,5.0,8.0,2006-03-05,2012-11-28,81.0,7.0
1576,5.0,8.0,2006-03-05,2014-02-13,95.0,8.0
1577,10.0,8.0,2006-03-05,2014-03-30,97.0,8.0
1578,15.0,8.0,2006-03-05,2014-03-30,97.0,8.0
1579,15.0,8.0,2006-03-05,2014-03-30,97.0,8.0
1580,30.0,8.0,2006-03-05,2014-03-30,97.0,8.0
1581,20.0,8.0,2006-03-05,2012-08-27,78.0,6.0
1582,10.0,8.0,2006-03-05,2012-08-27,78.0,6.0
1583,15.0,8.0,2006-03-05,2012-08-27,78.0,6.0
1584,15.0,8.0,2006-03-05,2012-08-27,78.0,6.0
1585,21.0,8.0,2006-03-05,2013-09-08,90.0,8.0
1586,10.0,8.0,2006-03-05,2013-05-22,87.0,7.0
1587,50.0,7.0,2006-01-02,2013-05-05,88.0,7.0
1588,30.0,7.0,2006-01-02,2013-05-05,88.0,7.0
1589,15.0,7.0,2006-01-02,2013-04-22,88.0,7.0
1590,40.0,7.0,2006-01-02,2013-04-22,88.0,7.0
1591,50.0,7.0,2006-01-02,2013-04-22,88.0,7.0
1592,20.0,7.0,2006-01-02,2012-10-04,81.0,7.0
1593,40.0,7.0,2006-01-02,2013-11-06,94.0,8.0
1594,30.0,7.0,2006-01-02,2013-11-06,94.0,8.0
1595,10.0,7.0,2006-01-02,2013-01-07,84.0,7.0
1596,30.0,7.0,2006-01-02,2013-01-07,84.0,7.0
1597,42.0,7.0,2006-01-02,2013-01-07,84.0,7.0
1598,5.0,7.0,2006-01-02,2013-01-07,84.0,7.0
1599,2.0,7.0,2006-01-02,2013-01-07,84.0,7.0
1600,30.0,7.0,2006-01-02,2014-02-04,97.0,8.0
1601,20.0,7.0,2006-01-02,2014-02-04,97.0,8.0
1602,42.0,7.0,2006-01-02,2014-02-04,97.0,8.0
1603,40.0,7.0,2006-01-02,2013-09-05,92.0,8.0
1604,20.0,7.0,2006-01-02,2013-09-05,92.0,8.0
1605,24.0,7.0,2006-01-02,2013-09-05,92.0,8.0
1606,10.0,7.0,2006-01-02,2014-04-27,100.0,8.0
1607,10.0,7.0,2006-01-02,2014-03-03,98.0,8.0
1608,24.0,7.0,2006-01-02,2014-03-03,98.0,8.0
1609,10.0,7.0,2006-01-02,2014-03-03,98.0,8.0
1610,18.0,7.0,2006-01-02,2012-10-23,82.0,7.0
1611,4.0,7.0,2006-01-02,2013-07-09,90.0,8.0
1612,21.0,7.0,2006-01-02,2013-07-09,90.0,8.0
1613,20.0,7.0,2006-01-02,2013-07-09,90.0,8.0
1614,25.0,7.0,2006-01-02,2013-04-04,87.0,7.0
1615,25.0,7.0,2006-01-02,2013-04-04,87.0,7.0
1616,14.0,7.0,2006-01-02,2013-04-04,87.0,7.0
1617,15.0,7.0,2006-01-02,2014-02-17,98.0,8.0
1618,30.0,7.0,2006-01-02,2012-10-02,81.0,7.0
1619,8.0,7.0,2006-01-02,2012-10-02,81.0,7.0
1620,14.0,7.0,2006-01-02,2012-10-02,81.0,7.0
1621,60.0,7.0,2006-01-02,2013-01-23,85.0,7.0
1622,49.0,7.0,2006-01-02,2013-01-23,85.0,7.0
1623,30.0,7.0,2006-01-02,2013-01-23,85.0,7.0
1624,3.0,7.0,2006-01-02,2013-07-24,91.0,8.0
1625,6.0,7.0,2006-01-02,2013-07-24,91.0,8.0
1626,10.0,7.0,2006-01-02,2013-07-24,91.0,8.0
1627,10.0,7.0,2006-01-02,2014-02-16,97.0,8.0
1628,15.0,7.0,2006-01-02,2014-02-16,97.0,8.0
1629,14.0,7.0,2006-01-02,2014-02-16,97.0,8.0
1630,7.0,7.0,2006-01-02,2012-10-22,82.0,7.0
1631,25.0,7.0,2006-01-02,2012-10-22,82.0,7.0
1632,6.0,7.0,2006-01-02,2012-10-22,82.0,7.0
1633,48.0,7.0,2006-01-02,2012-10-22,82.0,7.0
1634,3.0,7.0,2006-01-02,2013-09-09,92.0,8.0
1635,49.0,7.0,2006-01-02,2013-09-09,92.0,8.0
1636,100.0,7.0,2006-01-02,2014-04-17,99.0,8.0
1637,70.0,7.0,2006-01-02,2014-04-17,99.0,8.0
1638,100.0,7.0,2006-01-02,2014-04-17,99.0,8.0
1639,60.0,7.0,2006-01-02,2014-04-17,99.0,8.0
1640,30.0,7.0,2006-01-02,2014-03-11,98.0,8.0
1641,80.0,7.0,2006-01-02,2014-03-11,98.0,8.0
1642,44.0,7.0,2006-01-02,2014-03-11,98.0,8.0
1643,50.0,7.0,2006-01-02,2014-03-11,98.0,8.0
1644,100.0,7.0,2006-01-02,2013-09-23,93.0,8.0
1645,30.0,7.0,2006-01-02,2013-09-23,93.0,8.0
1646,30.0,7.0,2006-01-02,2013-09-23,93.0,8.0
1647,120.0,7.0,2006-01-02,2013-09-23,93.0,8.0
1648,15.0,7.0,2006-01-02,2014-04-28,100.0,8.0
1649,15.0,7.0,2006-01-02,2014-04-28,100.0,8.0
1650,20.0,7.0,2006-01-02,2014-04-28,100.0,8.0
1651,20.0,7.0,2006-01-02,2014-04-28,100.0,8.0
1652,36.0,7.0,2006-01-02,2013-03-31,87.0,7.0
1653,30.0,7.0,2006-01-02,2013-03-31,87.0,7.0
1654,60.0,7.0,2006-01-02,2013-03-31,87.0,7.0
1655,35.0,7.0,2006-01-02,2013-07-16,90.0,8.0
1656,60.0,7.0,2006-01-02,2013-07-16,90.0,8.0
1657,15.0,7.0,2006-01-02,2013-05-01,88.0,7.0
1658,25.0,7.0,2006-01-02,2013-05-01,88.0,7.0
1659,18.0,7.0,2006-01-02,2013-05-01,88.0,7.0
1660,6.0,7.0,2006-01-02,2013-05-01,88.0,7.0
1661,15.0,7.0,2006-01-02,2013-07-01,90.0,7.0
1662,20.0,7.0,2006-01-02,2014-01-01,96.0,8.0
1663,4.0,7.0,2006-01-02,2014-04-21,100.0,8.0
1664,10.0,7.0,2006-01-02,2013-05-28,89.0,7.0
1665,10.0,7.0,2006-01-02,2013-05-28,89.0,7.0
1666,6.0,7.0,2006-01-02,2013-05-28,89.0,7.0
1667,8.0,7.0,2006-01-02,2013-05-28,89.0,7.0
1668,30.0,7.0,2006-01-02,2012-09-11,80.0,7.0
1669,15.0,7.0,2006-01-02,2012-09-11,80.0,7.0
1670,40.0,7.0,2006-01-02,2012-09-11,80.0,7.0
1671,42.0,7.0,2006-01-02,2014-04-24,100.0,8.0
1672,3.0,7.0,2006-01-02,2013-12-12,95.0,8.0
1673,6.0,7.0,2006-01-02,2013-12-12,95.0,8.0
1674,20.0,7.0,2006-01-02,2013-10-07,93.0,8.0
1675,10.0,7.0,2006-01-02,2013-10-07,93.0,8.0
1676,4.0,7.0,2006-01-02,2013-10-07,93.0,8.0
1677,20.0,7.0,2006-01-02,2013-02-26,86.0,7.0
1678,30.0,7.0,2006-01-02,2013-02-26,86.0,7.0
1679,50.0,7.0,2006-01-02,2013-02-26,86.0,7.0
1680,15.0,7.0,2006-01-02,2013-02-26,86.0,7.0
1681,30.0,7.0,2006-01-02,2013-02-26,86.0,7.0
1682,25.0,7.0,2006-01-02,2014-04-24,100.0,8.0
1683,30.0,7.0,2006-01-02,2014-04-24,100.0,8.0
1684,24.0,7.0,2006-01-02,2013-05-09,88.0,7.0
1685,15.0,7.0,2006-01-02,2013-05-09,88.0,7.0
1686,10.0,7.0,2006-01-02,2013-09-12,92.0,8.0
1687,36.0,7.0,2006-01-02,2013-09-12,92.0,8.0
1688,36.0,7.0,2006-01-02,2014-04-17,99.0,8.0
1689,70.0,7.0,2006-01-02,2014-04-17,99.0,8.0
1690,90.0,7.0,2006-01-02,2014-04-08,99.0,8.0
1691,21.0,7.0,2006-01-02,2014-04-08,99.0,8.0
1692,70.0,7.0,2006-01-02,2014-04-08,99.0,8.0
1693,6.0,7.0,2006-01-02,2014-01-16,96.0,8.0
1694,60.0,7.0,2006-01-02,2014-01-16,96.0,8.0
1695,52.0,7.0,2006-01-02,2014-01-16,96.0,8.0
1696,24.0,7.0,2006-01-02,2014-01-16,96.0,8.0
1697,30.0,7.0,2006-01-02,2014-01-16,96.0,8.0
1698,35.0,7.0,2006-01-02,2013-08-15,91.0,8.0
1699,80.0,7.0,2006-01-02,2013-08-15,91.0,8.0
1700,36.0,7.0,2006-01-02,2013-08-15,91.0,8.0
1701,13.0,7.0,2006-01-02,2013-08-15,91.0,8.0
1702,45.0,7.0,2006-01-02,2013-09-12,92.0,8.0
1703,14.0,7.0,2006-01-02,2013-09-12,92.0,8.0
1704,50.0,7.0,2006-01-02,2014-02-10,97.0,8.0
1705,30.0,7.0,2006-01-02,2014-02-10,97.0,8.0
1706,30.0,7.0,2006-01-02,2014-02-10,97.0,8.0
1707,50.0,7.0,2006-01-02,2014-04-01,99.0,8.0
1708,35.0,7.0,2006-01-02,2014-04-01,99.0,8.0
1709,30.0,7.0,2006-01-02,2014-01-23,97.0,8.0
1710,3.0,7.0,2006-01-02,2014-01-23,97.0,8.0
1711,35.0,7.0,2006-01-02,2013-03-24,87.0,7.0
1712,30.0,7.0,2006-01-02,2013-03-24,87.0,7.0
1713,35.0,7.0,2006-01-02,2014-05-01,100.0,8.0
1714,3.0,7.0,2006-01-02,2014-05-01,100.0,8.0
1715,42.0,7.0,2006-01-02,2014-05-01,100.0,8.0
1716,40.0,7.0,2006-01-02,2013-06-19,90.0,7.0
1717,18.0,7.0,2006-01-02,2013-06-19,90.0,7.0
1718,25.0,7.0,2006-01-02,2013-06-19,90.0,7.0
1719,15.0,7.0,2006-01-02,2013-04-15,87.0,7.0
1720,15.0,7.0,2006-01-02,2013-04-15,87.0,7.0
1721,20.0,7.0,2006-01-02,2014-01-07,96.0,8.0
1722,20.0,7.0,2006-01-02,2014-01-07,96.0,8.0
1723,20.0,7.0,2006-01-02,2013-12-15,95.0,8.0
1724,10.0,7.0,2006-01-02,2013-04-21,88.0,7.0
1725,6.0,7.0,2006-01-02,2013-04-21,88.0,7.0
1726,12.0,7.0,2006-01-02,2013-04-21,88.0,7.0
1727,9.0,7.0,2006-01-02,2013-04-21,88.0,7.0
1728,8.0,7.0,2006-01-02,2013-04-29,88.0,7.0
1729,5.0,7.0,2006-01-02,2013-04-29,88.0,7.0
1730,8.0,7.0,2006-01-02,2013-08-20,92.0,8.0
1731,36.0,7.0,2006-01-02,2012-11-28,83.0,7.0
1732,15.0,7.0,2006-01-02,2012-11-28,83.0,7.0
1733,7.0,7.0,2006-01-02,2012-11-28,83.0,7.0
1734,18.0,7.0,2006-01-02,2012-11-28,83.0,7.0
1735,35.0,7.0,2006-01-02,2013-07-11,90.0,8.0
1736,12.0,7.0,2006-01-02,2013-07-11,90.0,8.0
1737,20.0,7.0,2006-01-02,2013-07-11,90.0,8.0
1738,50.0,7.0,2006-01-02,2012-11-13,82.0,7.0
1739,12.0,7.0,2006-01-02,2012-11-13,82.0,7.0
1740,20.0,7.0,2006-01-02,2013-01-28,85.0,7.0
1741,20.0,7.0,2006-01-02,2014-03-10,98.0,8.0
1742,8.0,7.0,2006-01-02,2014-03-10,98.0,8.0
1743,30.0,7.0,2006-01-02,2012-08-26,80.0,7.0
1744,9.0,7.0,2006-01-02,2012-08-26,80.0,7.0
1745,24.0,7.0,2006-01-02,2012-11-08,82.0,7.0
1746,20.0,7.0,2006-01-02,2013-08-22,92.0,8.0
1747,30.0,7.0,2006-01-02,2013-08-22,92.0,8.0
1748,14.0,7.0,2006-01-02,2014-05-06,100.0,8.0
1749,8.0,7.0,2006-01-02,2012-10-29,82.0,7.0
1750,9.0,7.0,2006-01-02,2012-10-29,82.0,7.0
1751,20.0,7.0,2006-01-02,2014-02-09,97.0,8.0
1752,21.0,7.0,2006-01-02,2014-02-09,97.0,8.0
1753,20.0,7.0,2006-01-02,2013-04-04,87.0,7.0
1754,16.0,7.0,2006-01-02,2014-02-19,98.0,8.0
1755,15.0,7.0,2006-01-02,2014-02-19,98.0,8.0
1756,5.0,7.0,2006-01-02,2012-09-18,81.0,7.0
1757,1.0,7.0,2006-01-02,2012-09-18,81.0,7.0
1758,20.0,7.0,2006-01-02,2013-12-25,96.0,8.0
1759,20.0,7.0,2006-01-02,2014-03-18,98.0,8.0
1760,5.0,7.0,2006-01-02,2014-03-18,98.0,8.0
1761,6.0,7.0,2006-01-02,2014-03-18,98.0,8.0
1762,2.0,7.0,2006-01-02,2013-05-08,88.0,7.0
1763,50.0,5.0,2005-10-17,2013-10-29,96.0,8.0
1764,55.0,5.0,2005-10-17,2013-05-27,91.0,8.0
1765,48.0,5.0,2005-10-17,2013-05-27,91.0,8.0
1766,100.0,5.0,2005-10-17,2013-05-27,91.0,8.0
1767,18.0,5.0,2005-10-17,2013-12-02,98.0,8.0
1768,35.0,5.0,2005-10-17,2013-12-02,98.0,8.0
1769,30.0,5.0,2005-10-17,2013-06-16,92.0,8.0
1770,35.0,5.0,2005-10-17,2013-06-16,92.0,8.0
1771,10.0,5.0,2005-10-17,2013-03-13,89.0,7.0
1772,12.0,5.0,2005-10-17,2013-03-13,89.0,7.0
1773,18.0,5.0,2005-10-17,2013-03-13,89.0,7.0
1774,21.0,5.0,2005-10-17,2013-03-13,89.0,7.0
1775,15.0,5.0,2005-10-17,2012-07-11,81.0,7.0
1776,21.0,5.0,2005-10-17,2012-07-11,81.0,7.0
1777,21.0,5.0,2005-10-17,2012-07-11,81.0,7.0
1778,40.0,5.0,2005-10-17,2012-12-04,86.0,7.0
1779,12.0,5.0,2005-10-17,2012-12-04,86.0,7.0
1780,70.0,5.0,2005-10-17,2012-12-04,86.0,7.0
1781,42.0,5.0,2005-10-17,2012-12-04,86.0,7.0
1782,10.0,5.0,2005-10-17,2012-11-20,85.0,7.0
1783,10.0,5.0,2005-10-17,2012-11-20,85.0,7.0
1784,20.0,5.0,2005-10-17,2012-11-20,85.0,7.0
1785,15.0,5.0,2005-10-17,2013-03-17,89.0,7.0
1786,20.0,5.0,2005-10-17,2013-03-17,89.0,7.0
1787,21.0,5.0,2005-10-17,2013-03-17,89.0,7.0
1788,10.0,5.0,2005-10-17,2012-12-27,86.0,7.0
1789,18.0,5.0,2005-10-17,2012-12-27,86.0,7.0
1790,10.0,5.0,2005-10-17,2012-10-18,84.0,7.0
1791,40.0,5.0,2005-10-17,2012-10-18,84.0,7.0
1792,10.0,5.0,2005-10-17,2012-10-18,84.0,7.0
1793,30.0,5.0,2005-10-17,2012-10-03,84.0,7.0
1794,3.0,5.0,2005-10-17,2014-02-04,100.0,8.0
1795,2.0,5.0,2005-10-17,2014-02-04,100.0,8.0
1796,60.0,5.0,2005-10-17,2012-09-04,83.0,7.0
1797,20.0,5.0,2005-10-17,2012-09-04,83.0,7.0
1798,21.0,5.0,2005-10-17,2014-02-03,100.0,8.0
1799,6.0,5.0,2005-10-17,2014-02-03,100.0,8.0
1800,40.0,5.0,2005-10-17,2014-02-03,100.0,8.0
1801,20.0,5.0,2005-10-17,2013-09-02,95.0,8.0
1802,12.0,5.0,2005-10-17,2013-09-02,95.0,8.0
1803,6.0,5.0,2005-10-17,2013-09-02,95.0,8.0
1804,30.0,5.0,2005-10-17,2013-10-22,96.0,8.0
1805,50.0,5.0,2005-10-17,2013-10-22,96.0,8.0
1806,18.0,5.0,2005-10-17,2013-10-22,96.0,8.0
1807,27.0,5.0,2005-10-17,2013-10-22,96.0,8.0
1808,12.0,5.0,2005-10-17,2013-10-22,96.0,8.0
1809,12.0,5.0,2005-10-17,2013-10-21,96.0,8.0
1810,120.0,5.0,2005-10-17,2013-10-21,96.0,8.0
1811,42.0,5.0,2005-10-17,2013-10-21,96.0,8.0
1812,14.0,5.0,2005-10-17,2013-07-22,93.0,8.0
1813,12.0,5.0,2005-10-17,2013-07-22,93.0,8.0
1814,100.0,5.0,2005-10-17,2013-07-22,93.0,8.0
1815,45.0,5.0,2005-10-17,2013-07-22,93.0,8.0
1816,42.0,5.0,2005-10-17,2013-07-22,93.0,8.0
1817,28.0,5.0,2005-10-17,2014-03-17,101.0,8.0
1818,25.0,5.0,2005-10-17,2014-03-17,101.0,8.0
1819,24.0,5.0,2005-10-17,2014-03-17,101.0,8.0
1820,30.0,5.0,2005-10-17,2014-03-17,101.0,8.0
1821,40.0,5.0,2005-10-17,2014-02-04,100.0,8.0
1822,20.0,5.0,2005-10-17,2014-02-04,100.0,8.0
1823,10.0,5.0,2005-10-17,2014-02-04,100.0,8.0
1824,50.0,5.0,2005-10-17,2014-02-04,100.0,8.0
1825,56.0,5.0,2005-10-17,2012-11-21,85.0,7.0
1826,70.0,5.0,2005-10-17,2012-11-21,85.0,7.0
1827,80.0,5.0,2005-10-17,2012-11-21,85.0,7.0
1828,21.0,5.0,2005-10-17,2014-02-05,100.0,8.0
1829,20.0,5.0,2005-10-17,2014-02-05,100.0,8.0
1830,15.0,5.0,2005-10-17,2014-02-05,100.0,8.0
1831,10.0,5.0,2005-10-17,2014-02-05,100.0,8.0
1832,10.0,5.0,2005-10-17,2014-02-06,100.0,8.0
1833,15.0,5.0,2005-10-17,2014-01-20,99.0,8.0
1834,50.0,5.0,2005-10-17,2014-01-20,99.0,8.0
1835,30.0,5.0,2005-10-17,2014-01-20,99.0,8.0
1836,16.0,5.0,2005-10-17,2014-01-20,99.0,8.0
1837,21.0,5.0,2005-10-17,2013-03-04,89.0,7.0
1838,50.0,5.0,2005-10-17,2013-03-04,89.0,7.0
1839,6.0,5.0,2005-10-17,2012-12-10,86.0,7.0
1840,10.0,5.0,2005-10-17,2013-09-19,95.0,8.0
1841,30.0,5.0,2005-10-17,2013-09-19,95.0,8.0
1842,30.0,5.0,2005-10-17,2013-09-19,95.0,8.0
1843,60.0,5.0,2005-10-17,2012-07-31,81.0,7.0
1844,20.0,5.0,2005-10-17,2012-07-31,81.0,7.0
1845,5.0,5.0,2005-10-17,2014-01-26,99.0,8.0
1846,10.0,5.0,2005-10-17,2014-01-26,99.0,8.0
1847,42.0,5.0,2005-10-17,2014-01-26,99.0,8.0
1848,10.0,5.0,2005-10-17,2014-01-26,99.0,8.0
1849,15.0,5.0,2005-10-17,2013-08-28,94.0,8.0
1850,15.0,5.0,2005-10-17,2013-08-28,94.0,8.0
1851,25.0,5.0,2005-10-17,2013-08-29,94.0,8.0
1852,30.0,5.0,2005-10-17,2013-08-29,94.0,8.0
1853,30.0,5.0,2005-10-17,2013-08-29,94.0,8.0
1854,35.0,5.0,2005-10-17,2014-03-03,101.0,8.0
1855,15.0,5.0,2005-10-17,2014-03-03,101.0,8.0
1856,20.0,5.0,2005-10-17,2014-01-02,99.0,8.0
1857,16.0,5.0,2005-10-17,2014-01-02,99.0,8.0
1858,40.0,5.0,2005-10-17,2014-01-02,99.0,8.0
1859,10.0,5.0,2005-10-17,2014-04-22,102.0,9.0
1860,10.0,5.0,2005-10-17,2013-11-05,97.0,8.0
1861,15.0,5.0,2005-10-17,2013-11-05,97.0,8.0
1862,3.0,5.0,2005-10-17,2013-11-05,97.0,8.0
1863,8.0,5.0,2005-10-17,2014-02-20,100.0,8.0
1864,15.0,5.0,2005-10-17,2014-01-09,99.0,8.0
1865,20.0,5.0,2005-10-17,2014-01-09,99.0,8.0
1866,40.0,5.0,2005-10-17,2014-01-09,99.0,8.0
1867,15.0,5.0,2005-10-17,2014-01-09,99.0,8.0
1868,20.0,5.0,2005-10-17,2013-05-07,91.0,8.0
1869,10.0,5.0,2005-10-17,2013-05-07,91.0,8.0
1870,14.0,5.0,2005-10-17,2013-05-07,91.0,8.0
1871,15.0,5.0,2005-10-17,2013-08-28,94.0,8.0
1872,20.0,5.0,2005-10-17,2013-08-28,94.0,8.0
1873,10.0,5.0,2005-10-17,2013-06-20,92.0,8.0
1874,6.0,5.0,2005-10-17,2013-06-20,92.0,8.0
1875,12.0,5.0,2005-10-17,2013-06-20,92.0,8.0
1876,30.0,5.0,2005-10-17,2013-06-20,92.0,8.0
1877,12.0,5.0,2005-10-17,2012-07-04,81.0,7.0
1878,5.0,5.0,2005-10-17,2012-07-04,81.0,7.0
1879,10.0,5.0,2005-10-17,2012-07-04,81.0,7.0
1880,16.0,9.0,2006-11-15,2013-11-18,84.0,7.0
1881,45.0,9.0,2006-11-15,2013-11-18,84.0,7.0
1882,7.0,9.0,2006-11-15,2013-11-18,84.0,7.0
1883,24.0,9.0,2006-11-15,2013-11-18,84.0,7.0
1884,40.0,9.0,2006-11-15,2014-02-16,87.0,7.0
1885,40.0,9.0,2006-11-15,2014-02-16,87.0,7.0
1886,20.0,9.0,2006-11-15,2013-06-03,79.0,7.0
1887,30.0,9.0,2006-11-15,2013-06-03,79.0,7.0
1888,25.0,9.0,2006-11-15,2013-11-21,84.0,7.0
1889,5.0,9.0,2006-11-15,2013-11-21,84.0,7.0
1890,40.0,9.0,2006-11-15,2013-11-21,84.0,7.0
1891,10.0,9.0,2006-11-15,2013-06-12,79.0,7.0
1892,35.0,9.0,2006-11-15,2013-06-12,79.0,7.0
1893,18.0,9.0,2006-11-15,2013-06-12,79.0,7.0
1894,15.0,9.0,2006-11-15,2013-08-27,81.0,7.0
1895,35.0,9.0,2006-11-15,2013-08-27,81.0,7.0
1896,30.0,9.0,2006-11-15,2013-08-27,81.0,7.0
1897,18.0,9.0,2006-11-15,2013-08-27,81.0,7.0
1898,20.0,9.0,2006-11-15,2013-11-11,84.0,7.0
1899,40.0,9.0,2006-11-15,2013-11-11,84.0,7.0
1900,50.0,9.0,2006-11-15,2013-09-30,82.0,7.0
1901,10.0,9.0,2006-11-15,2013-09-30,82.0,7.0
1902,6.0,9.0,2006-11-15,2013-09-30,82.0,7.0
1903,15.0,9.0,2006-11-15,2013-09-17,82.0,7.0
1904,12.0,9.0,2006-11-15,2013-09-17,82.0,7.0
1905,21.0,9.0,2006-11-15,2014-01-16,86.0,7.0
1906,40.0,9.0,2006-11-15,2014-01-16,86.0,7.0
1907,6.0,9.0,2006-11-15,2014-01-16,86.0,7.0
1908,25.0,9.0,2006-11-15,2014-01-16,86.0,7.0
1909,70.0,9.0,2006-11-15,2012-10-08,71.0,6.0
1910,80.0,9.0,2006-11-15,2012-10-08,71.0,6.0
1911,21.0,9.0,2006-11-15,2012-10-08,71.0,6.0
1912,40.0,9.0,2006-11-15,2012-10-08,71.0,6.0
1913,30.0,9.0,2006-11-15,2012-10-08,71.0,6.0
1914,20.0,9.0,2006-11-15,2013-10-15,83.0,7.0
1915,4.0,9.0,2006-11-15,2013-10-15,83.0,7.0
1916,20.0,9.0,2006-11-15,2014-02-24,87.0,7.0
1917,40.0,9.0,2006-11-15,2013-01-10,74.0,6.0
1918,9.0,9.0,2006-11-15,2013-01-10,74.0,6.0
1919,25.0,9.0,2006-11-15,2013-01-10,74.0,6.0
1920,42.0,9.0,2006-11-15,2013-03-14,76.0,6.0
1921,60.0,9.0,2006-11-15,2013-03-14,76.0,6.0
1922,35.0,9.0,2006-11-15,2013-03-14,76.0,6.0
1923,20.0,9.0,2006-11-15,2012-07-12,68.0,6.0
1924,35.0,9.0,2006-11-15,2012-07-12,68.0,6.0
1925,30.0,9.0,2006-11-15,2012-07-12,68.0,6.0
1926,25.0,9.0,2006-11-15,2012-07-12,68.0,6.0
1927,50.0,9.0,2006-11-15,2014-03-16,88.0,7.0
1928,15.0,9.0,2006-11-15,2014-03-16,88.0,7.0
1929,6.0,9.0,2006-11-15,2014-03-16,88.0,7.0
1930,28.0,9.0,2006-11-15,2012-07-23,68.0,6.0
1931,60.0,9.0,2006-11-15,2012-07-23,68.0,6.0
1932,36.0,9.0,2006-11-15,2012-07-23,68.0,6.0
1933,60.0,9.0,2006-11-15,2012-07-23,68.0,6.0
1934,30.0,9.0,2006-11-15,2014-04-13,89.0,7.0
1935,25.0,9.0,2006-11-15,2014-04-13,89.0,7.0
1936,110.0,9.0,2006-11-15,2014-04-13,89.0,7.0
1937,16.0,9.0,2006-11-15,2013-12-10,85.0,7.0
1938,50.0,9.0,2006-11-15,2014-03-16,88.0,7.0
1939,50.0,9.0,2006-11-15,2014-03-16,88.0,7.0
1940,15.0,9.0,2006-11-15,2014-04-10,89.0,7.0
1941,16.0,9.0,2006-11-15,2014-04-10,89.0,7.0
1942,10.0,9.0,2006-11-15,2014-01-13,86.0,7.0
1943,20.0,9.0,2006-11-15,2014-01-13,86.0,7.0
1944,21.0,9.0,2006-11-15,2014-01-13,86.0,7.0
1945,10.0,9.0,2006-11-15,2014-01-13,86.0,7.0
1946,2.0,9.0,2006-11-15,2014-03-19,88.0,7.0
1947,15.0,9.0,2006-11-15,2012-12-18,73.0,6.0
1948,10.0,9.0,2006-11-15,2012-12-18,73.0,6.0
1949,35.0,9.0,2006-11-15,2014-04-14,89.0,7.0
1950,30.0,9.0,2006-11-15,2014-04-14,89.0,7.0
1951,20.0,9.0,2006-11-15,2013-12-26,85.0,7.0
1952,25.0,9.0,2006-11-15,2013-12-26,85.0,7.0
1953,20.0,9.0,2006-11-15,2013-12-26,85.0,7.0
1954,10.0,9.0,2006-11-15,2014-02-18,87.0,7.0
1955,30.0,9.0,2006-11-15,2014-02-18,87.0,7.0
1956,24.0,9.0,2006-11-15,2014-02-18,87.0,7.0
1957,35.0,9.0,2006-11-15,2014-02-18,87.0,7.0
1958,20.0,9.0,2006-11-15,2014-02-18,87.0,7.0
1959,14.0,9.0,2006-11-15,2013-04-15,77.0,6.0
1960,18.0,9.0,2006-11-15,2013-04-15,77.0,6.0
1961,49.0,9.0,2006-11-15,2014-01-23,86.0,7.0
1962,18.0,9.0,2006-11-15,2014-01-23,86.0,7.0
1963,28.0,9.0,2006-11-15,2014-03-11,88.0,7.0
1964,4.0,9.0,2006-11-15,2013-07-02,80.0,7.0
1965,1.0,9.0,2006-11-15,2013-12-17,85.0,7.0
1966,7.0,9.0,2006-11-15,2013-05-15,78.0,6.0
1967,1.0,9.0,2006-11-15,2013-05-15,78.0,6.0
1968,2.0,9.0,2006-11-15,2014-01-13,86.0,7.0
1969,5.0,9.0,2006-11-15,2014-01-13,86.0,7.0
1970,10.0,9.0,2006-11-15,2013-06-23,79.0,7.0
1971,20.0,9.0,2006-11-15,2013-06-23,79.0,7.0
1972,18.0,9.0,2006-11-15,2013-06-23,79.0,7.0
1973,4.0,9.0,2006-11-15,2014-04-29,89.0,7.0
1974,3.0,9.0,2006-11-15,2014-04-29,89.0,7.0
1975,21.0,9.0,2006-11-15,2014-04-29,89.0,7.0
1976,20.0,9.0,2006-11-15,2013-04-09,77.0,6.0
1977,10.0,9.0,2006-11-15,2014-01-27,86.0,7.0
1978,50.0,9.0,2006-11-15,2014-02-05,87.0,7.0
1979,12.0,9.0,2006-11-15,2014-02-05,87.0,7.0
1980,16.0,9.0,2006-11-15,2014-02-05,87.0,7.0
1981,15.0,9.0,2006-11-15,2012-10-16,71.0,6.0
1982,20.0,9.0,2006-11-15,2014-03-26,88.0,7.0
1983,6.0,9.0,2006-11-15,2014-03-26,88.0,7.0
1984,40.0,9.0,2006-11-15,2014-03-26,88.0,7.0
1985,10.0,9.0,2006-11-15,2014-03-26,88.0,7.0
1986,40.0,9.0,2006-11-15,2014-03-24,88.0,7.0
1987,6.0,6.0,2005-10-17,2012-08-02,82.0,7.0
1988,40.0,6.0,2005-10-17,2012-08-02,82.0,7.0
1989,24.0,6.0,2005-10-17,2012-08-02,82.0,7.0
1990,20.0,6.0,2005-10-17,2012-09-30,83.0,7.0
1991,3.0,6.0,2005-10-17,2014-02-03,100.0,8.0
1992,30.0,6.0,2005-10-17,2012-11-18,85.0,7.0
1993,20.0,6.0,2005-10-17,2012-11-18,85.0,7.0
1994,12.0,6.0,2005-10-17,2012-11-18,85.0,7.0
1995,15.0,6.0,2005-10-17,2012-12-03,86.0,7.0
1996,30.0,6.0,2005-10-17,2012-12-03,86.0,7.0
1997,20.0,6.0,2005-10-17,2012-12-03,86.0,7.0
1998,10.0,6.0,2005-10-17,2013-04-28,90.0,8.0
1999,40.0,6.0,2005-10-17,2013-04-28,90.0,8.0
2000,16.0,6.0,2005-10-17,2013-04-28,90.0,8.0
2001,35.0,6.0,2005-10-17,2013-10-14,96.0,8.0
2002,6.0,6.0,2005-10-17,2013-10-14,96.0,8.0
2003,24.0,6.0,2005-10-17,2013-10-14,96.0,8.0
2004,25.0,6.0,2005-10-17,2013-08-19,94.0,8.0
2005,10.0,6.0,2005-10-17,2013-08-19,94.0,8.0
2006,60.0,6.0,2005-10-17,2013-08-19,94.0,8.0
2007,25.0,6.0,2005-10-17,2014-02-27,100.0,8.0
2008,20.0,6.0,2005-10-17,2013-01-24,87.0,7.0
2009,10.0,6.0,2005-10-17,2013-01-24,87.0,7.0
2010,12.0,6.0,2005-10-17,2013-04-09,90.0,7.0
2011,8.0,6.0,2005-10-17,2013-04-09,90.0,7.0
2012,15.0,6.0,2005-10-17,2012-11-11,85.0,7.0
2013,18.0,6.0,2005-10-17,2012-11-11,85.0,7.0
2014,10.0,6.0,2005-10-17,2014-04-15,102.0,8.0
2015,20.0,6.0,2005-10-17,2014-04-15,102.0,8.0
2016,16.0,6.0,2005-10-17,2013-02-07,88.0,7.0
2017,15.0,6.0,2005-10-17,2013-02-07,88.0,7.0
2018,6.0,6.0,2005-10-17,2013-02-07,88.0,7.0
2019,30.0,6.0,2005-10-17,2013-02-07,88.0,7.0
2020,6.0,6.0,2005-10-17,2013-07-25,93.0,8.0
2021,10.0,6.0,2005-10-17,2013-07-25,93.0,8.0
2022,15.0,6.0,2005-10-17,2013-07-25,93.0,8.0
2023,35.0,6.0,2005-10-17,2014-01-12,99.0,8.0
2024,15.0,6.0,2005-10-17,2014-01-12,99.0,8.0
2025,18.0,6.0,2005-10-17,2013-06-05,92.0,8.0
2026,12.0,6.0,2005-10-17,2013-06-05,92.0,8.0
2027,40.0,6.0,2005-10-17,2012-09-05,83.0,7.0
2028,15.0,6.0,2005-10-17,2012-09-05,83.0,7.0
2029,30.0,6.0,2005-10-17,2012-09-05,83.0,7.0
2030,40.0,6.0,2005-10-17,2012-09-05,83.0,7.0
2031,35.0,6.0,2005-10-17,2013-10-13,96.0,8.0
2032,42.0,6.0,2005-10-17,2013-10-13,96.0,8.0
2033,20.0,6.0,2005-10-17,2013-10-13,96.0,8.0
2034,20.0,6.0,2005-10-17,2013-04-11,90.0,7.0
2035,70.0,6.0,2005-10-17,2013-04-11,90.0,7.0
2036,45.0,6.0,2005-10-17,2014-04-17,102.0,8.0
2037,21.0,6.0,2005-10-17,2014-04-17,102.0,8.0
2038,16.0,6.0,2005-10-17,2014-04-17,102.0,8.0
2039,20.0,6.0,2005-10-17,2014-04-17,102.0,8.0
2040,80.0,6.0,2005-10-17,2014-04-17,102.0,8.0
2041,18.0,6.0,2005-10-17,2013-06-02,92.0,8.0
2042,35.0,6.0,2005-10-17,2013-06-02,92.0,8.0
2043,40.0,6.0,2005-10-17,2013-06-02,92.0,8.0
2044,30.0,6.0,2005-10-17,2013-06-02,92.0,8.0
2045,20.0,6.0,2005-10-17,2013-06-02,92.0,8.0
2046,30.0,6.0,2005-10-17,2013-11-27,97.0,8.0
2047,30.0,6.0,2005-10-17,2013-11-27,97.0,8.0
2048,7.0,6.0,2005-10-17,2013-11-27,97.0,8.0
2049,24.0,6.0,2005-10-17,2013-11-27,97.0,8.0
2050,36.0,6.0,2005-10-17,2013-04-18,90.0,8.0
2051,36.0,6.0,2005-10-17,2013-04-18,90.0,8.0
2052,8.0,6.0,2005-10-17,2012-12-26,86.0,7.0
2053,70.0,6.0,2005-10-17,2012-12-26,86.0,7.0
2054,28.0,6.0,2005-10-17,2012-12-26,86.0,7.0
2055,4.0,6.0,2005-10-17,2013-12-30,98.0,8.0
2056,24.0,6.0,2005-10-17,2013-12-30,98.0,8.0
2057,36.0,6.0,2005-10-17,2013-12-30,98.0,8.0
2058,18.0,6.0,2005-10-17,2014-03-12,101.0,8.0
2059,5.0,6.0,2005-10-17,2014-03-12,101.0,8.0
2060,18.0,6.0,2005-10-17,2014-03-12,101.0,8.0
2061,15.0,6.0,2005-10-17,2014-04-23,102.0,9.0
2062,24.0,6.0,2005-10-17,2014-04-23,102.0,9.0
2063,28.0,6.0,2005-10-17,2013-09-04,95.0,8.0
2064,6.0,6.0,2005-10-17,2013-09-04,95.0,8.0
2065,3.0,6.0,2005-10-17,2013-09-04,95.0,8.0
2066,3.0,6.0,2005-10-17,2013-05-06,91.0,8.0
2067,8.0,6.0,2005-10-17,2013-05-06,91.0,8.0
2068,9.0,6.0,2005-10-17,2013-05-06,91.0,8.0
2069,20.0,6.0,2005-10-17,2014-02-12,100.0,8.0
2070,12.0,6.0,2005-10-17,2014-02-12,100.0,8.0
2071,30.0,6.0,2005-10-17,2014-02-12,100.0,8.0
2072,25.0,6.0,2005-10-17,2014-02-12,100.0,8.0
2073,40.0,6.0,2005-10-17,2012-12-23,86.0,7.0
2074,60.0,6.0,2005-10-17,2012-12-23,86.0,7.0
2075,24.0,6.0,2005-10-17,2012-12-23,86.0,7.0
2076,45.0,6.0,2005-10-17,2012-12-23,86.0,7.0
2077,130.0,6.0,2005-10-17,2013-12-03,98.0,8.0
2078,20.0,6.0,2005-10-17,2013-12-03,98.0,8.0
2079,35.0,6.0,2005-10-17,2012-07-24,81.0,7.0
2080,25.0,6.0,2005-10-17,2012-07-24,81.0,7.0
2081,5.0,6.0,2005-10-17,2013-10-14,96.0,8.0
2082,35.0,6.0,2005-10-17,2013-10-14,96.0,8.0
2083,35.0,6.0,2005-10-17,2013-10-14,96.0,8.0
2084,49.0,6.0,2005-10-17,2014-03-05,101.0,8.0
2085,15.0,6.0,2005-10-17,2014-03-05,101.0,8.0
2086,60.0,6.0,2005-10-17,2014-03-05,101.0,8.0
2087,14.0,6.0,2005-10-17,2013-12-23,98.0,8.0
2088,20.0,6.0,2005-10-17,2013-12-23,98.0,8.0
2089,25.0,6.0,2005-10-17,2012-11-15,85.0,7.0
2090,25.0,6.0,2005-10-17,2012-11-15,85.0,7.0
2091,21.0,6.0,2005-10-17,2014-04-03,102.0,8.0
2092,15.0,6.0,2005-10-17,2014-04-03,102.0,8.0
2093,20.0,6.0,2005-10-17,2014-04-03,102.0,8.0
2094,9.0,6.0,2005-10-17,2014-01-15,99.0,8.0
2095,9.0,6.0,2005-10-17,2014-01-15,99.0,8.0
2096,20.0,6.0,2005-10-17,2014-01-15,99.0,8.0
2097,30.0,6.0,2005-10-17,2014-03-06,101.0,8.0
2098,2.0,6.0,2005-10-17,2014-03-06,101.0,8.0
2099,3.0,6.0,2005-10-17,2013-11-25,97.0,8.0
2100,20.0,6.0,2005-10-17,2014-03-18,101.0,8.0
2101,14.0,6.0,2005-10-17,2013-01-23,87.0,7.0
2102,20.0,6.0,2005-10-17,2013-01-23,87.0,7.0
2103,20.0,6.0,2005-10-17,2013-12-22,98.0,8.0
2104,3.0,6.0,2005-10-17,2013-12-22,98.0,8.0
2105,20.0,6.0,2005-10-17,2013-02-14,88.0,7.0
2106,12.0,6.0,2005-10-17,2013-02-14,88.0,7.0
2107,3.0,6.0,2005-10-17,2013-02-14,88.0,7.0
2108,15.0,6.0,2005-10-17,2013-02-14,88.0,7.0
2109,9.0,6.0,2005-10-17,2012-07-05,81.0,7.0
2110,40.0,6.0,2005-10-17,2012-07-05,81.0,7.0
2111,50.0,6.0,2005-10-17,2013-11-17,97.0,8.0
2112,9.0,6.0,2005-10-17,2013-11-19,97.0,8.0
2113,8.0,6.0,2005-10-17,2013-11-19,97.0,8.0
2114,30.0,6.0,2005-10-17,2013-11-19,97.0,8.0
2115,35.0,6.0,2005-10-17,2013-11-19,97.0,8.0
2116,18.0,6.0,2005-10-17,2013-03-28,89.0,7.0
2117,15.0,6.0,2005-10-17,2013-03-28,89.0,7.0
2118,30.0,6.0,2005-10-17,2013-03-20,89.0,7.0
2119,12.0,6.0,2005-10-17,2013-03-20,89.0,7.0
2120,4.0,6.0,2005-10-17,2013-10-17,96.0,8.0
2121,5.0,6.0,2005-10-17,2013-10-17,96.0,8.0
2122,24.0,6.0,2005-10-17,2012-08-27,82.0,7.0
2123,2.0,6.0,2005-10-17,2012-08-27,82.0,7.0
2124,20.0,6.0,2005-10-17,2012-08-27,82.0,7.0
2125,6.0,6.0,2005-10-17,2013-12-24,98.0,8.0
2126,15.0,6.0,2005-10-17,2013-12-24,98.0,8.0
2127,15.0,6.0,2005-10-17,2013-05-16,91.0,8.0
2128,6.0,6.0,2005-10-17,2013-05-16,91.0,8.0
2129,15.0,6.0,2005-10-17,2013-05-16,91.0,8.0
2130,8.0,6.0,2005-10-17,2013-05-16,91.0,8.0
2131,10.0,6.0,2005-10-17,2013-07-15,93.0,8.0
2132,24.0,6.0,2005-10-17,2012-08-01,81.0,7.0
2133,2.0,6.0,2005-10-17,2014-04-13,102.0,8.0
2134,3.0,6.0,2005-10-17,2014-04-13,102.0,8.0
2135,14.0,6.0,2005-10-17,2014-02-25,100.0,8.0
2136,16.0,6.0,2005-10-17,2014-03-20,101.0,8.0
2137,6.0,6.0,2005-10-17,2014-01-08,99.0,8.0
2138,3.0,6.0,2005-10-17,2014-01-08,99.0,8.0
2139,12.0,6.0,2005-10-17,2014-03-17,101.0,8.0
2140,14.0,6.0,2005-10-17,2014-03-17,101.0,8.0
2141,8.0,6.0,2005-10-17,2014-03-17,101.0,8.0
2142,21.0,6.0,2005-10-17,2013-08-25,94.0,8.0
2143,15.0,6.0,2005-10-17,2013-08-25,94.0,8.0
2144,2.0,6.0,2005-10-17,2013-08-25,94.0,8.0
2145,30.0,6.0,2005-10-17,2012-09-03,83.0,7.0
2146,12.0,6.0,2005-10-17,2012-09-03,83.0,7.0
2147,15.0,6.0,2005-10-17,2012-09-03,83.0,7.0
2148,10.0,6.0,2005-10-17,2014-03-24,101.0,8.0
2149,5.0,6.0,2005-10-17,2014-03-24,101.0,8.0
2150,6.0,6.0,2005-10-17,2014-03-24,101.0,8.0
2151,20.0,6.0,2005-10-17,2013-11-10,97.0,8.0
2152,2.0,6.0,2005-10-17,2013-11-10,97.0,8.0
2153,20.0,6.0,2005-10-17,2012-08-06,82.0,7.0
2154,7.0,6.0,2005-10-17,2012-08-06,82.0,7.0
